Workbook

Sheet Clean Jamming
A1: Message Number | B1: Subcarrier Spacing | C1: Symbol time | D1: Subcarriers (FFT) | E1: CP length | F1: Average Recieved Power (mW) | G1: Threshold | H1: SNR | I1: Average Signal Power 2 | J1: Average Noise Power
A2: 1 | B2: 976.562 | C2: 0.001024 | D2: 256 | E2: 64 | F2: 0.0472292 | G2: 0 | H2: 16.4875 | I2: -18.9612 | J2: -35.4487
A3: =A2+1 -> 2 | B3: 3906.25 | C3: 0.000256 | D3: 64 | E3: 64 | F3: 0.0554086 | G3: 0 | H3: 16.7195 | I3: -19.0825 | J3: -35.8021
A4: =A3+1 -> 3 | B4: 244.141 | C4: 0.004096 | D4: 1024 | E4: 64 | F4: 0.0484495 | G4: 0 | H4: 13.5636 | I4: -18.8403 | J4: -32.4039
A5: =A4+1 -> 4 | B5: 488.281 | C5: 0.002048 | D5: 512 | E5: 64 | F5: 0.1946 | G5: 0 | H5: 14.049 | I5: -18.8097 | J5: -32.8587
A6: =A5+1 -> 5 | B6: 488.281 | C6: 0.002048 | D6: 512 | E6: 64 | F6: 0.0566096 | G6: 0 | H6: 14.4117 | I6: -18.9871 | J6: -33.3987
A7: =A6+1 -> 6 | B7: 488.281 | C7: 0.002048 | D7: 512 | E7: 64 | F7: 0.0474912 | G7: 0 | H7: 14.5853 | I7: -19.02 | J7: -33.6053
A8: =A7+1 -> 7 | B8: 976.562 | C8: 0.001024 | D8: 256 | E8: 64 | F8: 0.0762173 | G8: 0 | H8: 14.8711 | I8: -19.0604 | J8: -33.9315
A9: =A8+1 -> 8 | B9: 488.281 | C9: 0.002048 | D9: 512 | E9: 64 | F9: 0.194954 | G9: 0 | H9: 14.1401 | I9: -18.9154 | J9: -33.0554
A10: =A9+1 -> 9 | B10: 244.141 | C10: 0.004096 | D10: 1024 | E10: 64 | F10: 0.0406929 | G10: 0 | H10: 14.4367 | I10: -19.0023 | J10: -33.439
A11: =A10+1 -> 10 | B11: 244.141 | C11: 0.004096 | D11: 1024 | E11: 64 | F11: 0.0518343 | G11: 0 | H11: 14.5421 | I11: -19.0287 | J11: -33.5707
A12: =A11+1 -> 11 | B12: 488.281 | C12: 0.002048 | D12: 512 | E12: 64 | F12: 0.0471127 | G12: 0 | H12: 14.7519 | I12: -19.0796 | J12: -33.8315
A13: =A12+1 -> 12 | B13: 488.281 | C13: 0.002048 | D13: 512 | E13: 64 | F13: 0.0252773 | G13: 0 | H13: 14.3626 | I13: -19.0628 | J13: -33.4255
A14: =A13+1 -> 13 | B14: 244.141 | C14: 0.004096 | D14: 1024 | E14: 64 | F14: 0.158089 | G14: 0 | H14: 14.4671 | I14: -19.1147 | J14: -33.5818
... A10072: =A10071+1 -> 10071 | B10072: 244.141 | C10072: 0.004096 | D10072: 1024 | E10072: 64 | F10072: 0.0337538 | G10072: 0 | H10072: 17.3126 | I10072: -18.6091 | J10072: -35.9217

Sheet 0.5m - Barrage J1
A1: Message Number | B1: Subcarrier Spacing | C1: Symbol time | D1: Subcarriers (FFT) | E1: CP length | F1: Average Recieved Power (mW) | G1: Threshold | H1: SNR | I1: Average Signal Power 2 | J1: Average Noise Power
A2: 1 | B2: 488.281 | C2: 0.002048 | D2: 512 | E2: 64 | F2: 270.504 | G2: 1 | H2: -2.44419 | I2: -9.11655 | J2: -6.67236
A3: =A2+1 -> 2 | B3: 488.281 | C3: 0.002048 | D3: 512 | E3: 64 | F3: 263.784 | G3: 1 | H3: -2.31595 | I3: -8.04426 | J3: -5.72831
A4: =A3+1 -> 3 | B4: 488.281 | C4: 0.002048 | D4: 512 | E4: 64 | F4: 252.378 | G4: 1 | H4: -2.0037 | I4: -6.61994 | J4: -4.61624
A5: =A4+1 -> 4 | B5: 244.141 | C5: 0.004096 | D5: 1024 | E5: 64 | F5: 247.315 | G5: 1 | H5: -1.68817 | I5: -5.69075 | J5: -4.00258
A6: =A5+1 -> 5 | B6: 244.141 | C6: 0.004096 | D6: 1024 | E6: 64 | F6: 242.719 | G6: 1 | H6: -1.39727 | I6: -5.02341 | J6: -3.62614
A7: =A6+1 -> 6 | B7: 7812.5 | C7: 0.000128 | D7: 32 | E7: 32 | F7: 255.304 | G7: 1 | H7: -1.27084 | I7: -4.74355 | J7: -3.47271
A8: =A7+1 -> 7 | B8: 488.281 | C8: 0.002048 | D8: 512 | E8: 64 | F8: 264.423 | G8: 1 | H8: -1.04913 | I8: -4.2639 | J8: -3.21477
A9: =A8+1 -> 8 | B9: 488.281 | C9: 0.002048 | D9: 512 | E9: 64 | F9: 273.019 | G9: 1 | H9: -0.861455 | I9: -3.88092 | J9: -3.01946
A10: =A9+1 -> 9 | B10: 488.281 | C10: 0.002048 | D10: 512 | E10: 64 | F10: 277.07 | G10: 1 | H10: -0.776803 | I10: -3.71703 | J10: -2.94023
A11: =A10+1 -> 10 | B11: 3906.25 | C11: 0.000256 | D11: 64 | E11: 32 | F11: 274.282 | G11: 1 | H11: -0.62044 | I11: -3.41254 | J11: -2.7921
A12: =A11+1 -> 11 | B12: 1953.12 | C12: 0.000512 | D12: 128 | E12: 32 | F12: 312.361 | G12: 1 | H12: -0.456484 | I12: -3.14893 | J12: -2.69245
A13: =A12+1 -> 12 | B13: 976.562 | C13: 0.001024 | D13: 256 | E13: 64 | F13: 281.214 | G13: 1 | H13: -0.267859 | I13: -2.94132 | J13: -2.67346
A14: =A13+1 -> 13 | B14: 488.281 | C14: 0.002048 | D14: 512 | E14: 64 | F14: 248.118 | G14: 1 | H14: -0.170929 | I14: -2.85675 | J14: -2.68582
... A141: =A140+1 -> 140 | B141: 976.562 | C141: 0.001024 | D141: 256 | E141: 16 | F141: 275.619 | G141: 1 | H141: 5.3999 | I141: -0.453709 | J141: -5.85361

Sheet 0.5m - Barrage J2
A1: Message Number | B1: Subcarrier Spacing | C1: Symbol time | D1: Subcarriers (FFT) | E1: CP length | F1: Average Recieved Power (mW) | G1: Threshold | H1: SNR | I1: Average Signal Power 2 | J1: Average Noise Power
A2: 1 | B2: 488.281 | C2: 0.002048 | D2: 512 | E2: 64 | F2: 305.078 | G2: 1 | H2: -2.55968 | I2: -8.67767 | J2: -6.11799
A3: =A2+1 -> 2 | B3: 488.281 | C3: 0.002048 | D3: 512 | E3: 64 | F3: 299.445 | G3: 1 | H3: -2.40238 | I3: -7.67609 | J3: -5.27371
A4: =A3+1 -> 3 | B4: 244.141 | C4: 0.004096 | D4: 1024 | E4: 64 | F4: 240.327 | G4: 1 | H4: -2.03056 | I4: -6.40366 | J4: -4.3731
A5: =A4+1 -> 4 | B5: 244.141 | C5: 0.004096 | D5: 1024 | E5: 64 | F5: 226.695 | G5: 1 | H5: -1.68213 | I5: -5.57494 | J5: -3.89281
A6: =A5+1 -> 5 | B6: 244.141 | C6: 0.004096 | D6: 1024 | E6: 64 | F6: 231 | G6: 1 | H6: -1.37817 | I6: -4.9533 | J6: -3.57513
A7: =A6+1 -> 6 | B7: 488.281 | C7: 0.002048 | D7: 512 | E7: 64 | F7: 247.726 | G7: 1 | H7: -1.24419 | I7: -4.68534 | J7: -3.44115
A8: =A7+1 -> 7 | B8: 976.562 | C8: 0.001024 | D8: 256 | E8: 16 | F8: 263.343 | G8: 1 | H8: -1.02274 | I8: -4.20211 | J8: -3.17937
A9: =A8+1 -> 8 | B9: 488.281 | C9: 0.002048 | D9: 512 | E9: 64 | F9: 296.576 | G9: 1 | H9: -0.848094 | I9: -3.78935 | J9: -2.94126
A10: =A9+1 -> 9 | B10: 244.141 | C10: 0.004096 | D10: 1024 | E10: 64 | F10: 306.331 | G10: 1 | H10: -0.771687 | I10: -3.60575 | J10: -2.83406
A11: =A10+1 -> 10 | B11: 488.281 | C11: 0.002048 | D11: 512 | E11: 64 | F11: 290.973 | G11: 1 | H11: -0.610465 | I11: -3.30421 | J11: -2.69375
A12: =A11+1 -> 11 | B12: 488.281 | C12: 0.002048 | D12: 512 | E12: 64 | F12: 287.638 | G12: 1 | H12: -0.433119 | I12: -3.05842 | J12: -2.6253
A13: =A12+1 -> 12 | B13: 488.281 | C13: 0.002048 | D13: 512 | E13: 64 | F13: 275.249 | G13: 1 | H13: -0.240546 | I13: -2.85082 | J13: -2.61028
A14: =A13+1 -> 13 | B14: 488.281 | C14: 0.002048 | D14: 512 | E14: 64 | F14: 259.483 | G14: 1 | H14: -0.14102 | I14: -2.76368 | J14: -2.62266
... A140: =A139+1 -> 139 | B140: 976.562 | C140: 0.001024 | D140: 256 | E140: 16 | F140: 315.734 | G140: 1 | H140: 5.40429 | I140: -0.443413 | J140: -5.8477

Sheet 0.5m - Barrage J3
A1: Message Number | B1: Subcarrier Spacing | C1: Symbol time | D1: Subcarriers (FFT) | E1: CP length | F1: Average Recieved Power (mW) | G1: Threshold | H1: SNR | I1: Average Signal Power 2 | J1: Average Noise Power
A2: =1 -> 1 | B2: 488.281 | C2: 0.002048 | D2: 512 | E2: 64 | F2: 308.007 | G2: 1 | H2: -2.65394 | I2: -8.74019 | J2: -6.08625
A3: =A2+1 -> 2 | B3: 488.281 | C3: 0.002048 | D3: 512 | E3: 64 | F3: 304.49 | G3: 1 | H3: -2.4765 | I3: -7.70734 | J3: -5.23083
A4: =A3+1 -> 3 | B4: 244.141 | C4: 0.004096 | D4: 1024 | E4: 64 | F4: 260.348 | G4: 1 | H4: -2.15161 | I4: -6.55567 | J4: -4.40406
A5: =A4+1 -> 4 | B5: 488.281 | C5: 0.002048 | D5: 512 | E5: 64 | F5: 232.539 | G5: 1 | H5: -1.73715 | I5: -5.57908 | J5: -3.84193
A6: =A5+1 -> 5 | B6: 488.281 | C6: 0.002048 | D6: 512 | E6: 64 | F6: 225.588 | G6: 1 | H6: -1.42517 | I6: -4.97356 | J6: -3.54839
A7: =A6+1 -> 6 | B7: 244.141 | C7: 0.004096 | D7: 1024 | E7: 64 | F7: 236.801 | G7: 1 | H7: -1.288 | I7: -4.71754 | J7: -3.42954
A8: =A7+1 -> 7 | B8: 244.141 | C8: 0.004096 | D8: 1024 | E8: 64 | F8: 255.565 | G8: 1 | H8: -1.05583 | I8: -4.24794 | J8: -3.19211
A9: =A8+1 -> 8 | B9: 976.562 | C9: 0.001024 | D9: 256 | E9: 64 | F9: 287.967 | G9: 1 | H9: -0.879 | I9: -3.83619 | J9: -2.95719
A10: =A9+1 -> 9 | B10: 488.281 | C10: 0.002048 | D10: 512 | E10: 64 | F10: 300.672 | G10: 1 | H10: -0.802806 | I10: -3.65121 | J10: -2.8484
A11: =A10+1 -> 10 | B11: 976.562 | C11: 0.001024 | D11: 256 | E11: 32 | F11: 330.635 | G11: 1 | H11: -0.639183 | I11: -3.35482 | J11: -2.71564
A12: =A11+1 -> 11 | B12: 488.281 | C12: 0.002048 | D12: 512 | E12: 64 | F12: 278.844 | G12: 1 | H12: -0.461589 | I12: -3.12353 | J12: -2.66195
A13: =A12+1 -> 12 | B13: 488.281 | C13: 0.002048 | D13: 512 | E13: 32 | F13: 267.188 | G13: 1 | H13: -0.270521 | I13: -2.92241 | J13: -2.65189
A14: =A13+1 -> 13 | B14: 244.141 | C14: 0.004096 | D14: 1024 | E14: 64 | F14: 257.546 | G14: 1 | H14: -0.172003 | I14: -2.83341 | J14: -2.66141
... A155: =A154+1 -> 154 | B155: 488.281 | C155: 0.002048 | D155: 512 | E155: 64 | F155: 245.915 | G155: 1 | H155: 5.55466 | I155: -0.430977 | J155: -5.98564

Sheet 0.5m - Barrage J4
A1: Message Number | B1: Subcarrier Spacing | C1: Symbol time | D1: Subcarriers (FFT) | E1: CP length | F1: Average Recieved Power (mW) | G1: Threshold | H1: SNR | I1: Average Signal Power 2 | J1: Average Noise Power
A2: 1 | B2: 488.281 | C2: 0.002048 | D2: 512 | E2: 64 | F2: 308.783 | G2: 1 | H2: -2.68382 | I2: -8.68329 | J2: -5.99947
A3: =A2+1 -> 2 | B3: 488.281 | C3: 0.002048 | D3: 512 | E3: 64 | F3: 289.672 | G3: 1 | H3: -2.51869 | I3: -7.63323 | J3: -5.11454
A4: =A3+1 -> 3 | B4: 244.141 | C4: 0.004096 | D4: 1024 | E4: 64 | F4: 266.734 | G4: 1 | H4: -2.14474 | I4: -6.28593 | J4: -4.14119
A5: =A4+1 -> 4 | B5: 488.281 | C5: 0.002048 | D5: 512 | E5: 64 | F5: 255.735 | G5: 1 | H5: -1.78155 | I5: -5.44048 | J5: -3.65893
A6: =A5+1 -> 5 | B6: 488.281 | C6: 0.002048 | D6: 512 | E6: 64 | F6: 235.037 | G6: 1 | H6: -1.45803 | I6: -4.84777 | J6: -3.38974
A7: =A6+1 -> 6 | B7: 488.281 | C7: 0.002048 | D7: 512 | E7: 64 | F7: 240.424 | G7: 1 | H7: -1.31621 | I7: -4.60329 | J7: -3.28709
A8: =A7+1 -> 7 | B8: 488.281 | C8: 0.002048 | D8: 512 | E8: 64 | F8: 251.812 | G8: 1 | H8: -1.07145 | I8: -4.17632 | J8: -3.10487
A9: =A8+1 -> 8 | B9: 976.562 | C9: 0.001024 | D9: 256 | E9: 64 | F9: 273.974 | G9: 1 | H9: -0.87913 | I9: -3.79211 | J9: -2.91298
A10: =A9+1 -> 9 | B10: 3906.25 | C10: 0.000256 | D10: 64 | E10: 32 | F10: 288.14 | G10: 1 | H10: -0.799354 | I10: -3.61028 | J10: -2.81093
A11: =A10+1 -> 10 | B11: 488.281 | C11: 0.002048 | D11: 512 | E11: 64 | F11: 332.306 | G11: 1 | H11: -0.642079 | I11: -3.2884 | J11: -2.64632
A12: =A11+1 -> 11 | B12: 488.281 | C12: 0.002048 | D12: 512 | E12: 64 | F12: 313.201 | G12: 1 | H12: -0.4692 | I12: -3.02662 | J12: -2.55742
A13: =A12+1 -> 12 | B13: 488.281 | C13: 0.002048 | D13: 512 | E13: 64 | F13: 286.36 | G13: 1 | H13: -0.273111 | I13: -2.82093 | J13: -2.54782
A14: =A13+1 -> 13 | B14: 488.281 | C14: 0.002048 | D14: 512 | E14: 64 | F14: 268.007 | G14: 1 | H14: -0.173253 | I14: -2.7342 | J14: -2.56095
... A141: =A140+1 -> 140 | B141: 244.141 | C141: 0.004096 | D141: 1024 | E141: 64 | F141: 301.837 | G141: 1 | H141: 5.36028 | I141: -0.453323 | J141: -5.81361

Sheet 0.5m - Barrage J5
A1: Message Number | B1: Subcarrier Spacing | C1: Symbol time | D1: Subcarriers (FFT) | E1: CP length | F1: Average Recieved Power (mW) | G1: Threshold | H1: SNR | I1: Average Signal Power 2 | J1: Average Noise Power
A2: 1 | B2: 488.281 | C2: 0.002048 | D2: 512 | E2: 64 | F2: 155.22 | G2: 1 | H2: -2.16174 | I2: -12.9793 | J2: -10.8175
A3: =A2+1 -> 2 | B3: 488.281 | C3: 0.002048 | D3: 512 | E3: 64 | F3: 309.267 | G3: 1 | H3: -2.53741 | I3: -8.6184 | J3: -6.08099
A4: =A3+1 -> 3 | B4: 488.281 | C4: 0.002048 | D4: 512 | E4: 64 | F4: 307.722 | G4: 1 | H4: -2.40549 | I4: -7.58519 | J4: -5.1797
A5: =A4+1 -> 4 | B5: 244.141 | C5: 0.004096 | D5: 1024 | E5: 64 | F5: 279.077 | G5: 1 | H5: -2.05925 | I5: -6.2547 | J5: -4.19545
A6: =A5+1 -> 5 | B6: 244.141 | C6: 0.004096 | D6: 1024 | E6: 64 | F6: 257.699 | G6: 1 | H6: -1.71091 | I6: -5.40792 | J6: -3.69701
A7: =A6+1 -> 6 | B7: 244.141 | C7: 0.004096 | D7: 1024 | E7: 64 | F7: 238.463 | G7: 1 | H7: -1.39487 | I7: -4.81715 | J7: -3.42228
A8: =A7+1 -> 7 | B8: 488.281 | C8: 0.002048 | D8: 512 | E8: 64 | F8: 234.072 | G8: 1 | H8: -1.25439 | I8: -4.57945 | J8: -3.32506
A9: =A8+1 -> 8 | B9: 976.562 | C9: 0.001024 | D9: 256 | E9: 64 | F9: 233.187 | G9: 1 | H9: -1.01504 | I9: -4.16166 | J9: -3.14662
A10: =A9+1 -> 9 | B10: 1953.12 | C10: 0.000512 | D10: 128 | E10: 32 | F10: 265.915 | G10: 1 | H10: -0.825097 | I10: -3.78999 | J10: -2.96489
A11: =A10+1 -> 10 | B11: 244.141 | C11: 0.004096 | D11: 1024 | E11: 64 | F11: 280.566 | G11: 1 | H11: -0.743036 | I11: -3.61514 | J11: -2.8721
A12: =A11+1 -> 11 | B12: 488.281 | C12: 0.002048 | D12: 512 | E12: 64 | F12: 316.047 | G12: 1 | H12: -0.581472 | I12: -3.31133 | J12: -2.72985
A13: =A12+1 -> 12 | B13: 244.141 | C13: 0.004096 | D13: 1024 | E13: 64 | F13: 280.859 | G13: 1 | H13: -0.40369 | I13: -3.08572 | J13: -2.68203
A14: =A13+1 -> 13 | B14: 488.281 | C14: 0.002048 | D14: 512 | E14: 32 | F14: 261.596 | G14: 1 | H14: -0.215891 | I14: -2.90371 | J14: -2.68782
... A143: =A142+1 -> 142 | B143: 488.281 | C143: 0.002048 | D143: 512 | E143: 64 | F143: 267.986 | G143: 1 | H143: 5.46881 | I143: -0.433429 | J143: -5.90223

Sheet 0.5m - Barrage J6
A1: Message Number | B1: Subcarrier Spacing | C1: Symbol time | D1: Subcarriers (FFT) | E1: CP length | F1: Average Recieved Power (mW) | G1: Threshold | H1: SNR | I1: Average Signal Power 2 | J1: Average Noise Power
A2: 1 | B2: 488.281 | C2: 0.002048 | D2: 512 | E2: 64 | F2: 289.683 | G2: 1 | H2: -2.41688 | I2: -8.82863 | J2: -6.41175
A3: =A2+1 -> 2 | B3: 488.281 | C3: 0.002048 | D3: 512 | E3: 64 | F3: 285.81 | G3: 1 | H3: -2.31161 | I3: -7.77167 | J3: -5.46006
A4: =A3+1 -> 3 | B4: 15625 | C4: 6.4e-05 | D4: 16 | E4: 64 | F4: 272.079 | G4: 1 | H4: -1.99596 | I4: -6.40908 | J4: -4.41312
A5: =A4+1 -> 4 | B5: 244.141 | C5: 0.004096 | D5: 1024 | E5: 64 | F5: 254.439 | G5: 1 | H5: -1.71636 | I5: -5.64688 | J5: -3.93053
A6: =A5+1 -> 5 | B6: 488.281 | C6: 0.002048 | D6: 512 | E6: 64 | F6: 241.025 | G6: 1 | H6: -1.37067 | I6: -4.90266 | J6: -3.53199
A7: =A6+1 -> 6 | B7: 488.281 | C7: 0.002048 | D7: 512 | E7: 64 | F7: 246.455 | G7: 1 | H7: -1.23471 | I7: -4.65136 | J7: -3.41665
A8: =A7+1 -> 7 | B8: 488.281 | C8: 0.002048 | D8: 512 | E8: 64 | F8: 246.735 | G8: 1 | H8: -0.99992 | I8: -4.21933 | J8: -3.21941
A9: =A8+1 -> 8 | B9: 3906.25 | C9: 0.000256 | D9: 64 | E9: 64 | F9: 262.52 | G9: 1 | H9: -0.80891 | I9: -3.8616 | J9: -3.05269
A10: =A9+1 -> 9 | B10: 244.141 | C10: 0.004096 | D10: 1024 | E10: 64 | F10: 277.408 | G10: 1 | H10: -0.723664 | I10: -3.70133 | J10: -2.97767
A11: =A10+1 -> 10 | B11: 488.281 | C11: 0.002048 | D11: 512 | E11: 64 | F11: 270.838 | G11: 1 | H11: -0.567213 | I11: -3.39467 | J11: -2.82745
A12: =A11+1 -> 11 | B12: 244.141 | C12: 0.004096 | D12: 1024 | E12: 64 | F12: 291.315 | G12: 1 | H12: -0.392245 | I12: -3.15011 | J12: -2.75787
A13: =A12+1 -> 12 | B13: 976.562 | C13: 0.001024 | D13: 256 | E13: 64 | F13: 257.039 | G13: 1 | H13: -0.204364 | I13: -2.96199 | J13: -2.75763
A14: =A13+1 -> 13 | B14: 488.281 | C14: 0.002048 | D14: 512 | E14: 64 | F14: 237.117 | G14: 1 | H14: -0.109396 | I14: -2.88214 | J14: -2.77274
... A140: =A139+1 -> 139 | B140: 488.281 | C140: 0.002048 | D140: 512 | E140: 64 | F140: 292.919 | G140: 1 | H140: 5.31294 | I140: -0.493132 | J140: -5.80607

Sheet 0.5m - Barrage J7
A1: Message Number | B1: Subcarrier Spacing | C1: Symbol time | D1: Subcarriers (FFT) | E1: CP length | F1: Average Recieved Power (mW) | G1: Threshold | H1: SNR | I1: Average Signal Power 2 | J1: Average Noise Power
A2: 1 | B2: 488.281 | C2: 0.002048 | D2: 512 | E2: 64 | F2: 306.026 | G2: 1 | H2: -2.54759 | I2: -8.79603 | J2: -6.24844
A3: =A2+1 -> 2 | B3: 244.141 | C3: 0.004096 | D3: 1024 | E3: 64 | F3: 286.277 | G3: 1 | H3: -2.38744 | I3: -7.78682 | J3: -5.39938
A4: =A3+1 -> 3 | B4: 244.141 | C4: 0.004096 | D4: 1024 | E4: 64 | F4: 240.594 | G4: 1 | H4: -2.02451 | I4: -6.50007 | J4: -4.47556
A5: =A4+1 -> 4 | B5: 488.281 | C5: 0.002048 | D5: 512 | E5: 64 | F5: 219.352 | G5: 1 | H5: -1.68111 | I5: -5.66513 | J5: -3.98402
A6: =A5+1 -> 5 | B6: 488.281 | C6: 0.002048 | D6: 512 | E6: 64 | F6: 230.205 | G6: 1 | H6: -1.38309 | I6: -5.03546 | J6: -3.65237
A7: =A6+1 -> 6 | B7: 244.141 | C7: 0.004096 | D7: 1024 | E7: 64 | F7: 245.428 | G7: 1 | H7: -1.2514 | I7: -4.76593 | J7: -3.51453
A8: =A7+1 -> 7 | B8: 3906.25 | C8: 0.000256 | D8: 64 | E8: 32 | F8: 258.908 | G8: 1 | H8: -1.03353 | I8: -4.2825 | J8: -3.24897
A9: =A8+1 -> 8 | B9: 244.141 | C9: 0.004096 | D9: 1024 | E9: 64 | F9: 290.314 | G9: 1 | H9: -0.863589 | I9: -3.87141 | J9: -3.00782
A10: =A9+1 -> 9 | B10: 244.141 | C10: 0.004096 | D10: 1024 | E10: 64 | F10: 297.526 | G10: 1 | H10: -0.789676 | I10: -3.68851 | J10: -2.89883
A11: =A10+1 -> 10 | B11: 488.281 | C11: 0.002048 | D11: 512 | E11: 64 | F11: 301.729 | G11: 1 | H11: -0.631867 | I11: -3.38242 | J11: -2.75056
A12: =A11+1 -> 11 | B12: 488.281 | C12: 0.002048 | D12: 512 | E12: 64 | F12: 294.022 | G12: 1 | H12: -0.457863 | I12: -3.12739 | J12: -2.66952
A13: =A12+1 -> 12 | B13: 244.141 | C13: 0.004096 | D13: 1024 | E13: 64 | F13: 283.367 | G13: 1 | H13: -0.267351 | I13: -2.91617 | J13: -2.64882
A14: =A13+1 -> 13 | B14: 244.141 | C14: 0.004096 | D14: 1024 | E14: 64 | F14: 264.463 | G14: 1 | H14: -0.167957 | I14: -2.82537 | J14: -2.65741
... A140: =A139+1 -> 139 | B140: 488.281 | C140: 0.002048 | D140: 512 | E140: 64 | F140: 312.125 | G140: 1 | H140: 5.40091 | I140: -0.443107 | J140: -5.84402

Sheet 0.5m - Barrage J8
A1: Message Number | B1: Subcarrier Spacing | C1: Symbol time | D1: Subcarriers (FFT) | E1: CP length | F1: Average Recieved Power (mW) | G1: Threshold | H1: SNR | I1: Average Signal Power 2 | J1: Average Noise Power
A2: 1 | B2: 488.281 | C2: 0.002048 | D2: 512 | E2: 64 | F2: 242.17 | G2: 1 | H2: -2.44918 | I2: -8.99099 | J2: -6.54182
A3: =A2+1 -> 2 | B3: 488.281 | C3: 0.002048 | D3: 512 | E3: 64 | F3: 268.119 | G3: 1 | H3: -2.30494 | I3: -7.95665 | J3: -5.65171
A4: =A3+1 -> 3 | B4: 488.281 | C4: 0.002048 | D4: 512 | E4: 64 | F4: 239.015 | G4: 1 | H4: -1.97092 | I4: -6.60613 | J4: -4.63521
A5: =A4+1 -> 4 | B5: 244.141 | C5: 0.004096 | D5: 1024 | E5: 64 | F5: 238.798 | G5: 1 | H5: -1.6497 | I5: -5.6982 | J5: -4.0485
A6: =A5+1 -> 5 | B6: 488.281 | C6: 0.002048 | D6: 512 | E6: 64 | F6: 242.246 | G6: 1 | H6: -1.36852 | I6: -5.03694 | J6: -3.66842
A7: =A6+1 -> 6 | B7: 244.141 | C7: 0.004096 | D7: 1024 | E7: 64 | F7: 255.239 | G7: 1 | H7: -1.23947 | I7: -4.75563 | J7: -3.51617
A8: =A7+1 -> 7 | B8: 244.141 | C8: 0.004096 | D8: 1024 | E8: 64 | F8: 263.241 | G8: 1 | H8: -1.02125 | I8: -4.26494 | J8: -3.2437
A9: =A8+1 -> 8 | B9: 488.281 | C9: 0.002048 | D9: 512 | E9: 64 | F9: 293.566 | G9: 1 | H9: -0.847757 | I9: -3.84983 | J9: -3.00207
A10: =A9+1 -> 9 | B10: 488.281 | C10: 0.002048 | D10: 512 | E10: 64 | F10: 303.65 | G10: 1 | H10: -0.768413 | I10: -3.66966 | J10: -2.90124
A11: =A10+1 -> 10 | B11: 244.141 | C11: 0.004096 | D11: 1024 | E11: 64 | F11: 302.893 | G11: 1 | H11: -0.604162 | I11: -3.36622 | J11: -2.76206
A12: =A11+1 -> 11 | B12: 3906.25 | C12: 0.000256 | D12: 64 | E12: 64 | F12: 296.306 | G12: 1 | H12: -0.436742 | I12: -3.10491 | J12: -2.66817
A13: =A12+1 -> 12 | B13: 3906.25 | C13: 0.000256 | D13: 64 | E13: 8 | F13: 278.886 | G13: 1 | H13: -0.248238 | I13: -2.89638 | J13: -2.64814
A14: =A13+1 -> 13 | B14: 488.281 | C14: 0.002048 | D14: 512 | E14: 64 | F14: 260.909 | G14: 1 | H14: -0.150928 | I14: -2.80668 | J14: -2.65575
... A144: =A143+1 -> 143 | B144: 976.562 | C144: 0.001024 | D144: 256 | E144: 32 | F144: 232.102 | G144: 1 | H144: 5.37574 | I144: -0.467253 | J144: -5.84299

Sheet 0.5m - Tone J1
A1: Message Number | B1: Subcarrier Spacing | C1: Symbol time | D1: Subcarriers (FFT) | E1: CP length | F1: Average Recieved Power (mW) | G1: Threshold | H1: SNR | I1: Average Signal Power 2 | J1: Average Noise Power
A2: 1 | B2: 488.281 | C2: 0.002048 | D2: 512 | E2: 64 | F2: 355.337 | G2: 1 | H2: -2.78569 | I2: -8.43663 | J2: -5.65094
A3: =A2+1 -> 2 | B3: 976.562 | C3: 0.001024 | D3: 256 | E3: 64 | F3: 333.457 | G3: 1 | H3: -2.59633 | I3: -7.39568 | J3: -4.79935
A4: =A3+1 -> 3 | B4: 244.141 | C4: 0.004096 | D4: 1024 | E4: 64 | F4: 293.413 | G4: 1 | H4: -2.19091 | I4: -6.06043 | J4: -3.86952
A5: =A4+1 -> 4 | B5: 244.141 | C5: 0.004096 | D5: 1024 | E5: 64 | F5: 269.377 | G5: 1 | H5: -1.80372 | I5: -5.20935 | J5: -3.40563
A6: =A5+1 -> 5 | B6: 244.141 | C6: 0.004096 | D6: 1024 | E6: 64 | F6: 261.993 | G6: 1 | H6: -1.4636 | I6: -4.58608 | J6: -3.12248
A7: =A6+1 -> 6 | B7: 244.141 | C7: 0.004096 | D7: 1024 | E7: 64 | F7: 275.852 | G7: 1 | H7: -1.31318 | I7: -4.32626 | J7: -3.01307
A8: =A7+1 -> 7 | B8: 244.141 | C8: 0.004096 | D8: 1024 | E8: 64 | F8: 290.285 | G8: 1 | H8: -1.06444 | I8: -3.85813 | J8: -2.79369
A9: =A8+1 -> 8 | B9: 244.141 | C9: 0.004096 | D9: 1024 | E9: 64 | F9: 329.506 | G9: 1 | H9: -0.876326 | I9: -3.4468 | J9: -2.57047
A10: =A9+1 -> 9 | B10: 244.141 | C10: 0.004096 | D10: 1024 | E10: 64 | F10: 344.153 | G10: 1 | H10: -0.798489 | I10: -3.25953 | J10: -2.46104
A11: =A10+1 -> 10 | B11: 244.141 | C11: 0.004096 | D11: 1024 | E11: 64 | F11: 349.613 | G11: 1 | H11: -0.634383 | I11: -2.93646 | J11: -2.30208
A12: =A11+1 -> 11 | B12: 244.141 | C12: 0.004096 | D12: 1024 | E12: 64 | F12: 352.893 | G12: 1 | H12: -0.437557 | I12: -2.68421 | J12: -2.24665
A13: =A12+1 -> 12 | B13: 244.141 | C13: 0.004096 | D13: 1024 | E13: 64 | F13: 306.486 | G13: 1 | H13: -0.220805 | I13: -2.49005 | J13: -2.26924
A14: =A13+1 -> 13 | B14: 244.141 | C14: 0.004096 | D14: 1024 | E14: 64 | F14: 268.616 | G14: 1 | H14: -0.110053 | I14: -2.4103 | J14: -2.30024
... A141: =A140+1 -> 140 | B141: 976.562 | C141: 0.001024 | D141: 256 | E141: 64 | F141: 319.947 | G141: 1 | H141: 6.96498 | I141: -0.0451901 | J141: -7.01017

Sheet 0.5m - Tone J2
A1: Message Number | B1: Subcarrier Spacing | C1: Symbol time | D1: Subcarriers (FFT) | E1: CP length | F1: Average Recieved Power (mW) | G1: Threshold | H1: SNR | I1: Average Signal Power 2 | J1: Average Noise Power
A2: 1 | B2: 488.281 | C2: 0.002048 | D2: 512 | E2: 64 | F2: 347.521 | G2: 1 | H2: -2.77387 | I2: -8.42786 | J2: -5.65399
A3: =A2+1 -> 2 | B3: 976.562 | C3: 0.001024 | D3: 256 | E3: 32 | F3: 321.928 | G3: 1 | H3: -2.59703 | I3: -7.37661 | J3: -4.77958
A4: =A3+1 -> 3 | B4: 488.281 | C4: 0.002048 | D4: 512 | E4: 64 | F4: 302.81 | G4: 1 | H4: -2.25361 | I4: -6.20382 | J4: -3.95021
A5: =A4+1 -> 4 | B5: 488.281 | C5: 0.002048 | D5: 512 | E5: 64 | F5: 269.565 | G5: 1 | H5: -1.80295 | I5: -5.20423 | J5: -3.40129
A6: =A5+1 -> 5 | B6: 488.281 | C6: 0.002048 | D6: 512 | E6: 64 | F6: 261.442 | G6: 1 | H6: -1.46385 | I6: -4.58209 | J6: -3.11824
A7: =A6+1 -> 6 | B7: 488.281 | C7: 0.002048 | D7: 512 | E7: 64 | F7: 281.75 | G7: 1 | H7: -1.31882 | I7: -4.31531 | J7: -2.99648
A8: =A7+1 -> 7 | B8: 488.281 | C8: 0.002048 | D8: 512 | E8: 64 | F8: 286.506 | G8: 1 | H8: -1.0635 | I8: -3.85393 | J8: -2.79043
A9: =A8+1 -> 8 | B9: 488.281 | C9: 0.002048 | D9: 512 | E9: 64 | F9: 312.825 | G9: 1 | H9: -0.863453 | I9: -3.44889 | J9: -2.58543
A10: =A9+1 -> 9 | B10: 488.281 | C10: 0.002048 | D10: 512 | E10: 64 | F10: 340.551 | G10: 1 | H10: -0.782055 | I10: -3.26411 | J10: -2.48205
A11: =A10+1 -> 10 | B11: 488.281 | C11: 0.002048 | D11: 512 | E11: 64 | F11: 341.135 | G11: 1 | H11: -0.610892 | I11: -2.9515 | J11: -2.34061
A12: =A11+1 -> 11 | B12: 488.281 | C12: 0.002048 | D12: 512 | E12: 64 | F12: 350.153 | G12: 1 | H12: -0.415818 | I12: -2.6998 | J12: -2.28398
A13: =A12+1 -> 12 | B13: 488.281 | C13: 0.002048 | D13: 512 | E13: 64 | F13: 313.19 | G13: 1 | H13: -0.199835 | I13: -2.50708 | J13: -2.30724
A14: =A13+1 -> 13 | B14: 488.281 | C14: 0.002048 | D14: 512 | E14: 64 | F14: 279.266 | G14: 1 | H14: -0.0899513 | I14: -2.42586 | J14: -2.33591
... A140: =A139+1 -> 139 | B140: 488.281 | C140: 0.002048 | D140: 512 | E140: 64 | F140: 385.145 | G140: 1 | H140: 7.07711 | I140: -0.0114407 | J140: -7.08855

Sheet 0.5m - Tone J3
A1: Message Number | B1: Subcarrier Spacing | C1: Symbol time | D1: Subcarriers (FFT) | E1: CP length | F1: Average Recieved Power (mW) | G1: Threshold | H1: SNR | I1: Average Signal Power 2 | J1: Average Noise Power
A2: 1 | B2: 488.281 | C2: 0.002048 | D2: 512 | E2: 64 | F2: 372.495 | G2: 1 | H2: -2.83507 | I2: -8.23269 | J2: -5.39762
A3: =A2+1 -> 2 | B3: 1953.12 | C3: 0.000512 | D3: 128 | E3: 16 | F3: 357.168 | G3: 1 | H3: -2.65448 | I3: -7.21965 | J3: -4.56518
A4: =A3+1 -> 3 | B4: 488.281 | C4: 0.002048 | D4: 512 | E4: 64 | F4: 308.459 | G4: 1 | H4: -2.25267 | I4: -5.91349 | J4: -3.66083
A5: =A4+1 -> 4 | B5: 488.281 | C5: 0.002048 | D5: 512 | E5: 64 | F5: 275.534 | G5: 1 | H5: -1.8579 | I5: -5.08825 | J5: -3.23035
A6: =A5+1 -> 5 | B6: 244.141 | C6: 0.004096 | D6: 1024 | E6: 64 | F6: 261.604 | G6: 1 | H6: -1.50542 | I6: -4.48982 | J6: -2.98439
A7: =A6+1 -> 6 | B7: 244.141 | C7: 0.004096 | D7: 1024 | E7: 64 | F7: 274.752 | G7: 1 | H7: -1.35129 | I7: -4.23647 | J7: -2.88517
A8: =A7+1 -> 7 | B8: 244.141 | C8: 0.004096 | D8: 1024 | E8: 64 | F8: 285.394 | G8: 1 | H8: -1.08954 | I8: -3.78475 | J8: -2.69521
A9: =A8+1 -> 8 | B9: 244.141 | C9: 0.004096 | D9: 1024 | E9: 64 | F9: 333.365 | G9: 1 | H9: -0.891636 | I9: -3.38108 | J9: -2.48944
A10: =A9+1 -> 9 | B10: 244.141 | C10: 0.004096 | D10: 1024 | E10: 64 | F10: 400.592 | G10: 1 | H10: -0.821856 | I10: -3.20059 | J10: -2.37874
A11: =A10+1 -> 10 | B11: 244.141 | C11: 0.004096 | D11: 1024 | E11: 64 | F11: 380.386 | G11: 1 | H11: -0.648864 | I11: -2.87475 | J11: -2.22588
A12: =A11+1 -> 11 | B12: 488.281 | C12: 0.002048 | D12: 512 | E12: 64 | F12: 348.979 | G12: 1 | H12: -0.446583 | I12: -2.62784 | J12: -2.18126
A13: =A12+1 -> 12 | B13: 488.281 | C13: 0.002048 | D13: 512 | E13: 64 | F13: 303.302 | G13: 1 | H13: -0.223516 | I13: -2.4413 | J13: -2.21779
A14: =A13+1 -> 13 | B14: 488.281 | C14: 0.002048 | D14: 512 | E14: 64 | F14: 274.557 | G14: 1 | H14: -0.110671 | I14: -2.36417 | J14: -2.2535
... A140: =A139+1 -> 139 | B140: 488.281 | C140: 0.002048 | D140: 512 | E140: 64 | F140: 366.407 | G140: 1 | H140: 6.96248 | I140: 0.0165617 | J140: -6.94591

Sheet 0.5m - Tone J4
A1: Message Number | B1: Subcarrier Spacing | C1: Symbol time | D1: Subcarriers (FFT) | E1: CP length | F1: Average Recieved Power (mW) | G1: Threshold | H1: SNR | I1: Average Signal Power 2 | J1: Average Noise Power
A2: 1 | B2: 488.281 | C2: 0.002048 | D2: 512 | E2: 64 | F2: 368.394 | G2: 1 | H2: -2.45267 | I2: -7.34302 | J2: -4.89036
A3: =A2+1 -> 2 | B3: 488.281 | C3: 0.002048 | D3: 512 | E3: 64 | F3: 342.353 | G3: 1 | H3: -2.30494 | I3: -6.52968 | J3: -4.22474
A4: =A3+1 -> 3 | B4: 488.281 | C4: 0.002048 | D4: 512 | E4: 64 | F4: 282.46 | G4: 1 | H4: -1.93493 | I4: -5.46838 | J4: -3.53346
A5: =A4+1 -> 4 | B5: 488.281 | C5: 0.002048 | D5: 512 | E5: 64 | F5: 265.759 | G5: 1 | H5: -1.56667 | I5: -4.74529 | J5: -3.17861
A6: =A5+1 -> 5 | B6: 488.281 | C6: 0.002048 | D6: 512 | E6: 64 | F6: 264.883 | G6: 1 | H6: -1.23883 | I6: -4.20244 | J6: -2.96361
A7: =A6+1 -> 6 | B7: 488.281 | C7: 0.002048 | D7: 512 | E7: 64 | F7: 280.127 | G7: 1 | H7: -1.09379 | I7: -3.97071 | J7: -2.87692
A8: =A7+1 -> 7 | B8: 488.281 | C8: 0.002048 | D8: 512 | E8: 64 | F8: 313.727 | G8: 1 | H8: -0.854986 | I8: -3.55638 | J8: -2.7014
A9: =A8+1 -> 8 | B9: 488.281 | C9: 0.002048 | D9: 512 | E9: 64 | F9: 348.218 | G9: 1 | H9: -0.680019 | I9: -3.17167 | J9: -2.49165
A10: =A9+1 -> 9 | B10: 488.281 | C10: 0.002048 | D10: 512 | E10: 64 | F10: 359.71 | G10: 1 | H10: -0.606249 | I10: -3.00702 | J10: -2.40077
A11: =A10+1 -> 10 | B11: 488.281 | C11: 0.002048 | D11: 512 | E11: 64 | F11: 377.277 | G11: 1 | H11: -0.435518 | I11: -2.70418 | J11: -2.26866
A12: =A11+1 -> 11 | B12: 488.281 | C12: 0.002048 | D12: 512 | E12: 64 | F12: 326.707 | G12: 1 | H12: -0.236453 | I12: -2.47488 | J12: -2.23842
A13: =A12+1 -> 12 | B13: 488.281 | C13: 0.002048 | D13: 512 | E13: 64 | F13: 304.746 | G13: 1 | H13: -0.0160245 | I13: -2.30149 | J13: -2.28547
A14: =A13+1 -> 13 | B14: 488.281 | C14: 0.002048 | D14: 512 | E14: 64 | F14: 272.621 | G14: 1 | H14: 0.095395 | I14: -2.22895 | J14: -2.32434
... A141: =A140+1 -> 140 | B141: 488.281 | C141: 0.002048 | D141: 512 | E141: 64 | F141: 320.833 | G141: 1 | H141: 7.1328 | I141: 0.0307874 | J141: -7.10201

Sheet 0.5m - Tone J5
A1: Message Number | B1: Subcarrier Spacing | C1: Symbol time | D1: Subcarriers (FFT) | E1: CP length | F1: Average Recieved Power (mW) | G1: Threshold | H1: SNR | I1: Average Signal Power 2 | J1: Average Noise Power
A2: 1 | B2: 488.281 | C2: 0.002048 | D2: 512 | E2: 64 | F2: 380.412 | G2: 1 | H2: -2.88089 | I2: -8.23449 | J2: -5.35361
A3: =A2+1 -> 2 | B3: 1953.12 | C3: 0.000512 | D3: 128 | E3: 16 | F3: 357.002 | G3: 1 | H3: -2.70379 | I3: -7.20203 | J3: -4.49824
A4: =A3+1 -> 3 | B4: 488.281 | C4: 0.002048 | D4: 512 | E4: 64 | F4: 312.153 | G4: 1 | H4: -2.29159 | I4: -5.89413 | J4: -3.60254
A5: =A4+1 -> 4 | B5: 488.281 | C5: 0.002048 | D5: 512 | E5: 64 | F5: 276.738 | G5: 1 | H5: -1.88756 | I5: -5.07403 | J5: -3.18646
A6: =A5+1 -> 5 | B6: 976.562 | C6: 0.001024 | D6: 256 | E6: 32 | F6: 264.052 | G6: 1 | H6: -1.53108 | I6: -4.47676 | J6: -2.94569
A7: =A6+1 -> 6 | B7: 488.281 | C7: 0.002048 | D7: 512 | E7: 64 | F7: 277.92 | G7: 1 | H7: -1.37644 | I7: -4.22229 | J7: -2.84585
A8: =A7+1 -> 7 | B8: 488.281 | C8: 0.002048 | D8: 512 | E8: 64 | F8: 287.089 | G8: 1 | H8: -1.11527 | I8: -3.76699 | J8: -2.65172
A9: =A8+1 -> 8 | B9: 488.281 | C9: 0.002048 | D9: 512 | E9: 64 | F9: 326.53 | G9: 1 | H9: -0.919343 | I9: -3.36131 | J9: -2.44197
A10: =A9+1 -> 9 | B10: 488.281 | C10: 0.002048 | D10: 512 | E10: 64 | F10: 361.42 | G10: 1 | H10: -0.844629 | I10: -3.17205 | J10: -2.32742
A11: =A10+1 -> 10 | B11: 976.562 | C11: 0.001024 | D11: 256 | E11: 64 | F11: 385.733 | G11: 1 | H11: -0.686051 | I11: -2.84699 | J11: -2.16094
A12: =A11+1 -> 11 | B12: 976.562 | C12: 0.001024 | D12: 256 | E12: 64 | F12: 369.056 | G12: 1 | H12: -0.498424 | I12: -2.59034 | J12: -2.09192
A13: =A12+1 -> 12 | B13: 488.281 | C13: 0.002048 | D13: 512 | E13: 64 | F13: 329.006 | G13: 1 | H13: -0.283367 | I13: -2.39608 | J13: -2.11271
A14: =A13+1 -> 13 | B14: 488.281 | C14: 0.002048 | D14: 512 | E14: 64 | F14: 288.501 | G14: 1 | H14: -0.17201 | I14: -2.31632 | J14: -2.14431
... A141: =A140+1 -> 140 | B141: 244.141 | C141: 0.004096 | D141: 1024 | E141: 64 | F141: 351.622 | G141: 1 | H141: 6.92537 | I141: 0.0420542 | J141: -6.88332

Sheet 0.5m - Tone J6
A1: Message Number | B1: Subcarrier Spacing | C1: Symbol time | D1: Subcarriers (FFT) | E1: CP length | F1: Average Recieved Power (mW) | G1: Threshold | H1: SNR | I1: Average Signal Power 2 | J1: Average Noise Power
A2: 1 | B2: 488.281 | C2: 0.002048 | D2: 512 | E2: 64 | F2: 368.394 | G2: 1 | H2: -2.45267 | I2: -7.34302 | J2: -4.89036
A3: =A2+1 -> 2 | B3: 488.281 | C3: 0.002048 | D3: 512 | E3: 64 | F3: 342.353 | G3: 1 | H3: -2.30494 | I3: -6.52968 | J3: -4.22474
A4: =A3+1 -> 3 | B4: 488.281 | C4: 0.002048 | D4: 512 | E4: 64 | F4: 282.46 | G4: 1 | H4: -1.93493 | I4: -5.46838 | J4: -3.53346
A5: =A4+1 -> 4 | B5: 488.281 | C5: 0.002048 | D5: 512 | E5: 64 | F5: 265.759 | G5: 1 | H5: -1.56667 | I5: -4.74529 | J5: -3.17861
A6: =A5+1 -> 5 | B6: 488.281 | C6: 0.002048 | D6: 512 | E6: 64 | F6: 264.883 | G6: 1 | H6: -1.23883 | I6: -4.20244 | J6: -2.96361
A7: =A6+1 -> 6 | B7: 488.281 | C7: 0.002048 | D7: 512 | E7: 64 | F7: 280.127 | G7: 1 | H7: -1.09379 | I7: -3.97071 | J7: -2.87692
A8: =A7+1 -> 7 | B8: 488.281 | C8: 0.002048 | D8: 512 | E8: 64 | F8: 313.727 | G8: 1 | H8: -0.854986 | I8: -3.55638 | J8: -2.7014
A9: =A8+1 -> 8 | B9: 488.281 | C9: 0.002048 | D9: 512 | E9: 64 | F9: 348.218 | G9: 1 | H9: -0.680019 | I9: -3.17167 | J9: -2.49165
A10: =A9+1 -> 9 | B10: 488.281 | C10: 0.002048 | D10: 512 | E10: 64 | F10: 359.71 | G10: 1 | H10: -0.606249 | I10: -3.00702 | J10: -2.40077
A11: =A10+1 -> 10 | B11: 488.281 | C11: 0.002048 | D11: 512 | E11: 64 | F11: 377.277 | G11: 1 | H11: -0.435518 | I11: -2.70418 | J11: -2.26866
A12: =A11+1 -> 11 | B12: 488.281 | C12: 0.002048 | D12: 512 | E12: 64 | F12: 326.707 | G12: 1 | H12: -0.236453 | I12: -2.47488 | J12: -2.23842
A13: =A12+1 -> 12 | B13: 488.281 | C13: 0.002048 | D13: 512 | E13: 64 | F13: 304.746 | G13: 1 | H13: -0.0160245 | I13: -2.30149 | J13: -2.28547
A14: =A13+1 -> 13 | B14: 488.281 | C14: 0.002048 | D14: 512 | E14: 64 | F14: 272.621 | G14: 1 | H14: 0.095395 | I14: -2.22895 | J14: -2.32434
... A141: =A140+1 -> 140 | B141: 488.281 | C141: 0.002048 | D141: 512 | E141: 64 | F141: 320.833 | G141: 1 | H141: 7.1328 | I141: 0.0307874 | J141: -7.10201

Sheet 0.5m - Tone J7
A1: Message Number | B1: Subcarrier Spacing | C1: Symbol time | D1: Subcarriers (FFT) | E1: CP length | F1: Average Recieved Power (mW) | G1: Threshold | H1: SNR | I1: Average Signal Power 2 | J1: Average Noise Power
A2: 1 | B2: 488.281 | C2: 0.002048 | D2: 512 | E2: 64 | F2: 362.401 | G2: 1 | H2: -2.82235 | I2: -8.73797 | J2: -5.91562
A3: =A2+1 -> 2 | B3: 976.562 | C3: 0.001024 | D3: 256 | E3: 16 | F3: 342.47 | G3: 1 | H3: -2.59149 | I3: -7.33076 | J3: -4.73927
A4: =A3+1 -> 3 | B4: 244.141 | C4: 0.004096 | D4: 1024 | E4: 64 | F4: 287.675 | G4: 1 | H4: -2.19207 | I4: -6.0029 | J4: -3.81083
A5: =A4+1 -> 4 | B5: 244.141 | C5: 0.004096 | D5: 1024 | E5: 64 | F5: 269.74 | G5: 1 | H5: -1.80966 | I5: -5.15402 | J5: -3.34436
A6: =A5+1 -> 5 | B6: 244.141 | C6: 0.004096 | D6: 1024 | E6: 64 | F6: 273.036 | G6: 1 | H6: -1.47131 | I6: -4.53407 | J6: -3.06276
A7: =A6+1 -> 6 | B7: 244.141 | C7: 0.004096 | D7: 1024 | E7: 64 | F7: 281.873 | G7: 1 | H7: -1.32337 | I7: -4.27339 | J7: -2.95002
A8: =A7+1 -> 7 | B8: 244.141 | C8: 0.004096 | D8: 1024 | E8: 64 | F8: 311.248 | G8: 1 | H8: -1.11454 | I8: -3.87285 | J8: -2.75831
A9: =A8+1 -> 8 | B9: 488.281 | C9: 0.002048 | D9: 512 | E9: 64 | F9: 352.804 | G9: 1 | H9: -0.889346 | I9: -3.39466 | J9: -2.50531
A10: =A9+1 -> 9 | B10: 244.141 | C10: 0.004096 | D10: 1024 | E10: 64 | F10: 368.247 | G10: 1 | H10: -0.807989 | I10: -3.20809 | J10: -2.40011
A11: =A10+1 -> 10 | B11: 976.562 | C11: 0.001024 | D11: 256 | E11: 32 | F11: 363.748 | G11: 1 | H11: -0.634134 | I11: -2.89093 | J11: -2.2568
A12: =A11+1 -> 11 | B12: 488.281 | C12: 0.002048 | D12: 512 | E12: 64 | F12: 351.605 | G12: 1 | H12: -0.490709 | I12: -2.70511 | J12: -2.2144
A13: =A12+1 -> 12 | B13: 244.141 | C13: 0.004096 | D13: 1024 | E13: 64 | F13: 310.54 | G13: 1 | H13: -0.214057 | I13: -2.44964 | J13: -2.23558
A14: =A13+1 -> 13 | B14: 244.141 | C14: 0.004096 | D14: 1024 | E14: 64 | F14: 279.577 | G14: 1 | H14: -0.103508 | I14: -2.36926 | J14: -2.26575
... A140: =A139+1 -> 139 | B140: 244.141 | C140: 0.004096 | D140: 1024 | E140: 64 | F140: 360.578 | G140: 1 | H140: 7.04745 | I140: -0.0116159 | J140: -7.05907

Sheet 0.5m - Tone J8
A1: Message Number | B1: Subcarrier Spacing | C1: Symbol time | D1: Subcarriers (FFT) | E1: CP length | F1: Average Recieved Power (mW) | G1: Threshold | H1: SNR | I1: Average Signal Power 2 | J1: Average Noise Power
A2: 1 | B2: 488.281 | C2: 0.002048 | D2: 512 | E2: 64 | F2: 345.324 | G2: 1 | H2: -2.80113 | I2: -8.51339 | J2: -5.71226
A3: =A2+1 -> 2 | B3: 1953.12 | C3: 0.000512 | D3: 128 | E3: 64 | F3: 310.511 | G3: 1 | H3: -2.60578 | I3: -7.46273 | J3: -4.85695
A4: =A3+1 -> 3 | B4: 488.281 | C4: 0.002048 | D4: 512 | E4: 64 | F4: 300.518 | G4: 1 | H4: -2.19977 | I4: -6.11059 | J4: -3.91081
A5: =A4+1 -> 4 | B5: 488.281 | C5: 0.002048 | D5: 512 | E5: 64 | F5: 266.248 | G5: 1 | H5: -1.81251 | I5: -5.25131 | J5: -3.4388
A6: =A5+1 -> 5 | B6: 488.281 | C6: 0.002048 | D6: 512 | E6: 64 | F6: 262.453 | G6: 1 | H6: -1.47275 | I6: -4.62063 | J6: -3.14789
A7: =A6+1 -> 6 | B7: 488.281 | C7: 0.002048 | D7: 512 | E7: 64 | F7: 270.587 | G7: 1 | H7: -1.32123 | I7: -4.35985 | J7: -3.03862
A8: =A7+1 -> 7 | B8: 488.281 | C8: 0.002048 | D8: 512 | E8: 64 | F8: 282.868 | G8: 1 | H8: -1.06516 | I8: -3.89581 | J8: -2.83066
A9: =A8+1 -> 8 | B9: 488.281 | C9: 0.002048 | D9: 512 | E9: 64 | F9: 319.877 | G9: 1 | H9: -0.86845 | I9: -3.48684 | J9: -2.61839
A10: =A9+1 -> 9 | B10: 488.281 | C10: 0.002048 | D10: 512 | E10: 64 | F10: 334.601 | G10: 1 | H10: -0.781809 | I10: -3.30385 | J10: -2.52204
A11: =A10+1 -> 10 | B11: 488.281 | C11: 0.002048 | D11: 512 | E11: 64 | F11: 365.806 | G11: 1 | H11: -0.61022 | I11: -2.98346 | J11: -2.37324
A12: =A11+1 -> 11 | B12: 488.281 | C12: 0.002048 | D12: 512 | E12: 64 | F12: 342.705 | G12: 1 | H12: -0.417668 | I12: -2.72945 | J12: -2.31178
A13: =A12+1 -> 12 | B13: 488.281 | C13: 0.002048 | D13: 512 | E13: 64 | F13: 296.914 | G13: 1 | H13: -0.203093 | I13: -2.53387 | J13: -2.33078
A14: =A13+1 -> 13 | B14: 488.281 | C14: 0.002048 | D14: 512 | E14: 64 | F14: 280.44 | G14: 1 | H14: -0.0939851 | I14: -2.45085 | J14: -2.35687
... A140: =A139+1 -> 139 | B140: 488.281 | C140: 0.002048 | D140: 512 | E140: 64 | F140: 354.639 | G140: 1 | H140: 6.92057 | I140: -0.0836598 | J140: -7.00423

Sheet 0.5m - Pulse J1
A1: Message Number | B1: Subcarrier Spacing | C1: Symbol time | D1: Subcarriers (FFT) | E1: CP length | F1: Average Recieved Power (mW) | G1: Threshold | H1: SNR | I1: Average Signal Power 2 | J1: Average Noise Power
A2: 1 | B2: 488.281 | C2: 0.002048 | D2: 512 | E2: 64 | F2: 8.69114 | G2: 1 | H2: 3.15271 | I2: -18.0976 | J2: -21.2503
A3: =A2+1 -> 2 | B3: 488.281 | C3: 0.002048 | D3: 512 | E3: 64 | F3: 8.32345 | G3: 1 | H3: 2.74727 | I3: -17.4141 | J3: -20.1614
A4: =A3+1 -> 3 | B4: 488.281 | C4: 0.002048 | D4: 512 | E4: 64 | F4: 7.97364 | G4: 1 | H4: 2.5072 | I4: -16.5596 | J4: -19.0668
A5: =A4+1 -> 4 | B5: 488.281 | C5: 0.002048 | D5: 512 | E5: 64 | F5: 6.66654 | G5: 1 | H5: 2.45676 | I5: -15.7901 | J5: -18.2468
A6: =A5+1 -> 5 | B6: 244.141 | C6: 0.004096 | D6: 1024 | E6: 64 | F6: 6.42194 | G6: 1 | H6: 2.45879 | I6: -15.2733 | J6: -17.732
A7: =A6+1 -> 6 | B7: 488.281 | C7: 0.002048 | D7: 512 | E7: 64 | F7: 6.72959 | G7: 1 | H7: 2.46082 | I7: -15.0351 | J7: -17.4959
A8: =A7+1 -> 7 | B8: 976.562 | C8: 0.001024 | D8: 256 | E8: 16 | F8: 7.2436 | G8: 1 | H8: 2.38196 | I8: -14.6236 | J8: -17.0055
A9: =A8+1 -> 8 | B9: 488.281 | C9: 0.002048 | D9: 512 | E9: 64 | F9: 9.04842 | G9: 1 | H9: 2.30329 | I9: -14.289 | J9: -16.5923
A10: =A9+1 -> 9 | B10: 488.281 | C10: 0.002048 | D10: 512 | E10: 64 | F10: 8.50542 | G10: 1 | H10: 2.26043 | I10: -14.1566 | J10: -16.417
A11: =A10+1 -> 10 | B11: 976.562 | C11: 0.001024 | D11: 256 | E11: 32 | F11: 8.9124 | G11: 1 | H11: 2.07239 | I11: -13.8818 | J11: -15.9542
A12: =A11+1 -> 11 | B12: 976.562 | C12: 0.001024 | D12: 256 | E12: 64 | F12: 13.1533 | G12: 1 | H12: 1.84852 | I12: -13.6329 | J12: -15.4814
A13: =A12+1 -> 12 | B13: 488.281 | C13: 0.002048 | D13: 512 | E13: 64 | F13: 12.8163 | G13: 1 | H13: 1.70416 | I13: -13.421 | J13: -15.1252
A14: =A13+1 -> 13 | B14: 244.141 | C14: 0.004096 | D14: 1024 | E14: 64 | F14: 11.4497 | G14: 1 | H14: 1.65714 | I14: -13.3296 | J14: -14.9868
... A142: =A141+1 -> 141 | B142: 488.281 | C142: 0.002048 | D142: 512 | E142: 64 | F142: 8.60067 | G142: 1 | H142: 0.702456 | I142: -10.8751 | J142: -11.5776

Sheet 0.5m - Pulse J2
A1: Message Number | B1: Subcarrier Spacing | C1: Symbol time | D1: Subcarriers (FFT) | E1: CP length | F1: Average Recieved Power (mW) | G1: Threshold | H1: SNR | I1: Average Signal Power 2 | J1: Average Noise Power
A2: 1 | B2: 488.281 | C2: 0.002048 | D2: 512 | E2: 64 | F2: 10.9624 | G2: 1 | H2: 3.75999 | I2: -18.3525 | J2: -22.1125
A3: =A2+1 -> 2 | B3: 488.281 | C3: 0.002048 | D3: 512 | E3: 64 | F3: 22.0079 | G3: 1 | H3: 1.51734 | I3: -15.563 | J3: -17.0804
A4: =A3+1 -> 3 | B4: 488.281 | C4: 0.002048 | D4: 512 | E4: 64 | F4: 23.0316 | G4: 1 | H4: 1.18072 | I4: -14.7742 | J4: -15.9549
A5: =A4+1 -> 4 | B5: 976.562 | C5: 0.001024 | D5: 256 | E5: 16 | F5: 21.739 | G5: 1 | H5: 1.00252 | I5: -13.6087 | J5: -14.6113
A6: =A5+1 -> 5 | B6: 488.281 | C6: 0.002048 | D6: 512 | E6: 64 | F6: 22.8781 | G6: 1 | H6: 1.00284 | I6: -12.7771 | J6: -13.78
A7: =A6+1 -> 6 | B7: 976.562 | C7: 0.001024 | D7: 256 | E7: 64 | F7: 21.1169 | G7: 1 | H7: 0.999951 | I7: -12.1794 | J7: -13.1793
A8: =A7+1 -> 7 | B8: 244.141 | C8: 0.004096 | D8: 1024 | E8: 64 | F8: 23.0676 | G8: 1 | H8: 0.986492 | I8: -11.9314 | J8: -12.9179
A9: =A8+1 -> 8 | B9: 976.562 | C9: 0.001024 | D9: 256 | E9: 64 | F9: 23.8286 | G9: 1 | H9: 0.959234 | I9: -11.5365 | J9: -12.4958
A10: =A9+1 -> 9 | B10: 488.281 | C10: 0.002048 | D10: 512 | E10: 64 | F10: 24.653 | G10: 1 | H10: 0.91621 | I10: -11.2223 | J10: -12.1385
A11: =A10+1 -> 10 | B11: 488.281 | C11: 0.002048 | D11: 512 | E11: 64 | F11: 22.4012 | G11: 1 | H11: 0.890031 | I11: -11.0719 | J11: -11.962
A12: =A11+1 -> 11 | B12: 976.562 | C12: 0.001024 | D12: 256 | E12: 32 | F12: 25.6771 | G12: 1 | H12: 0.9442 | I12: -10.8636 | J12: -11.8078
A13: =A12+1 -> 12 | B13: 244.141 | C13: 0.004096 | D13: 1024 | E13: 64 | F13: 12.5485 | G13: 1 | H13: 1.08446 | I13: -10.7245 | J13: -11.809
A14: =A13+1 -> 13 | B14: 976.562 | C14: 0.001024 | D14: 256 | E14: 64 | F14: 12.5925 | G14: 1 | H14: 1.22319 | I14: -10.6014 | J14: -11.8246
... A147: =A146+1 -> 146 | B147: 976.562 | C147: 0.001024 | D147: 256 | E147: 64 | F147: 20.7771 | G147: 1 | H147: 2.18648 | I147: -8.54565 | J147: -10.7321

Sheet 0.5m - Pulse J3
A1: Message Number | B1: Subcarrier Spacing | C1: Symbol time | D1: Subcarriers (FFT) | E1: CP length | F1: Average Recieved Power (mW) | G1: Threshold | H1: SNR | I1: Average Signal Power 2 | J1: Average Noise Power
A2: 1 | B2: 488.281 | C2: 0.002048 | D2: 512 | E2: 64 | F2: 19.5044 | G2: 1 | H2: 2.70415 | I2: -15.073 | J2: -17.7771
A3: =A2+1 -> 2 | B3: 1953.12 | C3: 0.000512 | D3: 128 | E3: 32 | F3: 17.6991 | G3: 1 | H3: 2.32614 | I3: -14.4896 | J3: -16.8157
A4: =A3+1 -> 3 | B4: 976.562 | C4: 0.001024 | D4: 256 | E4: 64 | F4: 17.1599 | G4: 1 | H4: 1.89246 | I4: -13.6197 | J4: -15.5121
A5: =A4+1 -> 4 | B5: 244.141 | C5: 0.004096 | D5: 1024 | E5: 64 | F5: 15.5681 | G5: 1 | H5: 1.6892 | I5: -13.0329 | J5: -14.7221
A6: =A5+1 -> 5 | B6: 488.281 | C6: 0.002048 | D6: 512 | E6: 64 | F6: 17.8884 | G6: 1 | H6: 1.56211 | I6: -12.5714 | J6: -14.1335
A7: =A6+1 -> 6 | B7: 244.141 | C7: 0.004096 | D7: 1024 | E7: 64 | F7: 15.9251 | G7: 1 | H7: 1.53581 | I7: -12.4019 | J7: -13.9377
A8: =A7+1 -> 7 | B8: 976.562 | C8: 0.001024 | D8: 256 | E8: 32 | F8: 18.6258 | G8: 1 | H8: 1.46391 | I8: -12.1082 | J8: -13.5721
A9: =A8+1 -> 8 | B9: 488.281 | C9: 0.002048 | D9: 512 | E9: 64 | F9: 19.7506 | G9: 1 | H9: 1.33452 | I9: -11.7891 | J9: -13.1236
A10: =A9+1 -> 9 | B10: 488.281 | C10: 0.002048 | D10: 512 | E10: 64 | F10: 17.8832 | G10: 1 | H10: 1.27273 | I10: -11.6583 | J10: -12.931
A11: =A10+1 -> 10 | B11: 976.562 | C11: 0.001024 | D11: 256 | E11: 64 | F11: 19.1323 | G11: 1 | H11: 1.29633 | I11: -11.4769 | J11: -12.7732
A12: =A11+1 -> 11 | B12: 244.141 | C12: 0.004096 | D12: 1024 | E12: 64 | F12: 12.274 | G12: 1 | H12: 1.38959 | I12: -11.3311 | J12: -12.7207
A13: =A12+1 -> 12 | B13: 976.562 | C13: 0.001024 | D13: 256 | E13: 64 | F13: 10.3568 | G13: 1 | H13: 1.48597 | I13: -11.2114 | J13: -12.6974
A14: =A13+1 -> 13 | B14: 1953.12 | C14: 0.000512 | D14: 128 | E14: 64 | F14: 10.025 | G14: 1 | H14: 1.53043 | I14: -11.1703 | J14: -12.7007
... A140: =A139+1 -> 139 | B140: 976.562 | C140: 0.001024 | D140: 256 | E140: 64 | F140: 22.1945 | G140: 1 | H140: 1.22946 | I140: -9.43843 | J140: -10.6679

Sheet 0.5m - Pulse J4
A1: Message Number | B1: Subcarrier Spacing | C1: Symbol time | D1: Subcarriers (FFT) | E1: CP length | F1: Average Recieved Power (mW) | G1: Threshold | H1: SNR | I1: Average Signal Power 2 | J1: Average Noise Power
A2: 1 | B2: 488.281 | C2: 0.002048 | D2: 512 | E2: 64 | F2: 1.77233 | G2: 1 | H2: 4.89374 | I2: -17.3631 | J2: -22.2569
A3: =A2+1 -> 2 | B3: 488.281 | C3: 0.002048 | D3: 512 | E3: 64 | F3: 17.7909 | G3: 1 | H3: 2.23952 | I3: -15.9168 | J3: -18.1563
A4: =A3+1 -> 3 | B4: 976.562 | C4: 0.001024 | D4: 256 | E4: 64 | F4: 15.7467 | G4: 1 | H4: 1.76163 | I4: -15.4144 | J4: -17.176
A5: =A4+1 -> 4 | B5: 976.562 | C5: 0.001024 | D5: 256 | E5: 16 | F5: 16.3036 | G5: 1 | H5: 1.27949 | I5: -14.6561 | J5: -15.9356
A6: =A5+1 -> 5 | B6: 488.281 | C6: 0.002048 | D6: 512 | E6: 64 | F6: 13.1576 | G6: 1 | H6: 1.0617 | I6: -14.1054 | J6: -15.1671
A7: =A6+1 -> 6 | B7: 976.562 | C7: 0.001024 | D7: 256 | E7: 64 | F7: 11.1992 | G7: 1 | H7: 0.929742 | I7: -13.7078 | J7: -14.6376
A8: =A7+1 -> 7 | B8: 976.562 | C8: 0.001024 | D8: 256 | E8: 64 | F8: 14.5026 | G8: 1 | H8: 0.874927 | I8: -13.5426 | J8: -14.4175
A9: =A8+1 -> 8 | B9: 488.281 | C9: 0.002048 | D9: 512 | E9: 64 | F9: 13.4086 | G9: 1 | H9: 0.771386 | I9: -13.2371 | J9: -14.0085
A10: =A9+1 -> 9 | B10: 244.141 | C10: 0.004096 | D10: 1024 | E10: 64 | F10: 16.0023 | G10: 1 | H10: 0.67863 | I10: -12.9814 | J10: -13.66
A11: =A10+1 -> 10 | B11: 488.281 | C11: 0.002048 | D11: 512 | E11: 64 | F11: 14.9014 | G11: 1 | H11: 0.635955 | I11: -12.8616 | J11: -13.4976
A12: =A11+1 -> 11 | B12: 488.281 | C12: 0.002048 | D12: 512 | E12: 64 | F12: 16.5733 | G12: 1 | H12: 0.588616 | I12: -12.6239 | J12: -13.2125
A13: =A12+1 -> 12 | B13: 488.281 | C13: 0.002048 | D13: 512 | E13: 64 | F13: 17.5767 | G13: 1 | H13: 0.575445 | I13: -12.3904 | J13: -12.9658
A14: =A13+1 -> 13 | B14: 488.281 | C14: 0.002048 | D14: 512 | E14: 64 | F14: 16.5758 | G14: 1 | H14: 0.589311 | I14: -12.1977 | J14: -12.787
... A141: =A140+1 -> 140 | B141: 976.562 | C141: 0.001024 | D141: 256 | E141: 64 | F141: 10.2084 | G141: 1 | H141: 1.1991 | I141: -10.3762 | J141: -11.5753

Sheet 0.5m - Pulse J5
A1: Message Number | B1: Subcarrier Spacing | C1: Symbol time | D1: Subcarriers (FFT) | E1: CP length | F1: Average Recieved Power (mW) | G1: Threshold | H1: SNR | I1: Average Signal Power 2 | J1: Average Noise Power
A2: 1 | B2: 488.281 | C2: 0.002048 | D2: 512 | E2: 64 | F2: 8.68681 | G2: 1 | H2: 3.89969 | I2: -16.8981 | J2: -20.7978
A3: =A2+1 -> 2 | B3: 244.141 | C3: 0.004096 | D3: 1024 | E3: 64 | F3: 8.51514 | G3: 1 | H3: 3.41064 | I3: -16.2786 | J3: -19.6892
A4: =A3+1 -> 3 | B4: 976.562 | C4: 0.001024 | D4: 256 | E4: 16 | F4: 8.2663 | G4: 1 | H4: 3.00165 | I4: -15.4209 | J4: -18.4225
A5: =A4+1 -> 4 | B5: 1953.12 | C5: 0.000512 | D5: 128 | E5: 32 | F5: 7.68955 | G5: 1 | H5: 2.88736 | I5: -14.8291 | J5: -17.7164
A6: =A5+1 -> 5 | B6: 244.141 | C6: 0.004096 | D6: 1024 | E6: 64 | F6: 8.24648 | G6: 1 | H6: 2.84999 | I6: -14.3585 | J6: -17.2085
A7: =A6+1 -> 6 | B7: 976.562 | C7: 0.001024 | D7: 256 | E7: 64 | F7: 8.50222 | G7: 1 | H7: 2.81177 | I7: -14.1633 | J7: -16.9751
A8: =A7+1 -> 7 | B8: 976.562 | C8: 0.001024 | D8: 256 | E8: 16 | F8: 8.32847 | G8: 1 | H8: 2.68864 | I8: -13.8291 | J8: -16.5177
A9: =A8+1 -> 8 | B9: 244.141 | C9: 0.004096 | D9: 1024 | E9: 64 | F9: 8.4969 | G9: 1 | H9: 2.56923 | I9: -13.5637 | J9: -16.133
A10: =A9+1 -> 9 | B10: 488.281 | C10: 0.002048 | D10: 512 | E10: 64 | F10: 9.96904 | G10: 1 | H10: 2.52526 | I10: -13.4427 | J10: -15.968
A11: =A10+1 -> 10 | B11: 976.562 | C11: 0.001024 | D11: 256 | E11: 32 | F11: 9.64982 | G11: 1 | H11: 2.22668 | I11: -13.1338 | J11: -15.3605
A12: =A11+1 -> 11 | B12: 976.562 | C12: 0.001024 | D12: 256 | E12: 64 | F12: 17.9036 | G12: 1 | H12: 1.88563 | I12: -12.7944 | J12: -14.6801
A13: =A12+1 -> 12 | B13: 976.562 | C13: 0.001024 | D13: 256 | E13: 16 | F13: 20.1326 | G13: 1 | H13: 1.65763 | I13: -12.5209 | J13: -14.1785
A14: =A13+1 -> 13 | B14: 976.562 | C14: 0.001024 | D14: 256 | E14: 64 | F14: 19.6761 | G14: 1 | H14: 1.56478 | I14: -12.3973 | J14: -13.9621
... A141: =A140+1 -> 140 | B141: 488.281 | C141: 0.002048 | D141: 512 | E141: 64 | F141: 18.1731 | G141: 1 | H141: 1.39478 | I141: -9.9724 | J141: -11.3672

Sheet 0.5m - Pulse J6
A1: Message Number | B1: Subcarrier Spacing | C1: Symbol time | D1: Subcarriers (FFT) | E1: CP length | F1: Average Recieved Power (mW) | G1: Threshold | H1: SNR | I1: Average Signal Power 2 | J1: Average Noise Power
A2: 1 | B2: 488.281 | C2: 0.002048 | D2: 512 | E2: 64 | F2: 7.66848 | G2: 1 | H2: 4.12951 | I2: -17.482 | J2: -21.6115
A3: =A2+1 -> 2 | B3: 1953.12 | C3: 0.000512 | D3: 128 | E3: 8 | F3: 7.35398 | G3: 1 | H3: 3.4973 | I3: -17.1104 | J3: -20.6077
A4: =A3+1 -> 3 | B4: 976.562 | C4: 0.001024 | D4: 256 | E4: 16 | F4: 6.65946 | G4: 1 | H4: 2.96041 | I4: -16.5461 | J4: -19.5065
A5: =A4+1 -> 4 | B5: 976.562 | C5: 0.001024 | D5: 256 | E5: 64 | F5: 6.47822 | G5: 1 | H5: 2.57225 | I5: -16.0015 | J5: -18.5737
A6: =A5+1 -> 5 | B6: 488.281 | C6: 0.002048 | D6: 512 | E6: 64 | F6: 6.08329 | G6: 1 | H6: 2.37673 | I6: -15.6358 | J6: -18.0125
A7: =A6+1 -> 6 | B7: 244.141 | C7: 0.004096 | D7: 1024 | E7: 64 | F7: 6.46326 | G7: 1 | H7: 2.29273 | I7: -15.4903 | J7: -17.7831
A8: =A7+1 -> 7 | B8: 976.562 | C8: 0.001024 | D8: 256 | E8: 32 | F8: 6.29203 | G8: 1 | H8: 2.11672 | I8: -15.1785 | J8: -17.2952
A9: =A8+1 -> 8 | B9: 488.281 | C9: 0.002048 | D9: 512 | E9: 64 | F9: 7.9534 | G9: 1 | H9: 1.92085 | I9: -14.93 | J9: -16.8508
A10: =A9+1 -> 9 | B10: 488.281 | C10: 0.002048 | D10: 512 | E10: 64 | F10: 7.66071 | G10: 1 | H10: 1.84064 | I10: -14.8211 | J10: -16.6617
A11: =A10+1 -> 10 | B11: 976.562 | C11: 0.001024 | D11: 256 | E11: 64 | F11: 9.19711 | G11: 1 | H11: 1.62457 | I11: -14.6235 | J11: -16.2481
A12: =A11+1 -> 11 | B12: 976.562 | C12: 0.001024 | D12: 256 | E12: 64 | F12: 10.0451 | G12: 1 | H12: 1.41239 | I12: -14.4527 | J12: -15.8651
A13: =A12+1 -> 12 | B13: 976.562 | C13: 0.001024 | D13: 256 | E13: 64 | F13: 9.25837 | G13: 1 | H13: 1.29736 | I13: -14.2922 | J13: -15.5896
A14: =A13+1 -> 13 | B14: 976.562 | C14: 0.001024 | D14: 256 | E14: 32 | F14: 8.47057 | G14: 1 | H14: 1.24441 | I14: -14.2361 | J14: -15.4805
... A142: =A141+1 -> 141 | B142: 488.281 | C142: 0.002048 | D142: 512 | E142: 64 | F142: 7.0335 | G142: 1 | H142: 1.01626 | I142: -12.6351 | J142: -13.6513

Sheet 0.5m - Pulse J7
A1: Message Number | B1: Subcarrier Spacing | C1: Symbol time | D1: Subcarriers (FFT) | E1: CP length | F1: Average Recieved Power (mW) | G1: Threshold | H1: SNR | I1: Average Signal Power 2 | J1: Average Noise Power
A2: 1 | B2: 488.281 | C2: 0.002048 | D2: 512 | E2: 64 | F2: 9.17584 | G2: 1 | H2: 3.20717 | I2: -17.8611 | J2: -21.0683
A3: =A2+1 -> 2 | B3: 1953.12 | C3: 0.000512 | D3: 128 | E3: 32 | F3: 8.7479 | G3: 1 | H3: 2.72932 | I3: -17.2011 | J3: -19.9304
A4: =A3+1 -> 3 | B4: 976.562 | C4: 0.001024 | D4: 256 | E4: 16 | F4: 8.54541 | G4: 1 | H4: 2.39629 | I4: -16.2281 | J4: -18.6244
A5: =A4+1 -> 4 | B5: 244.141 | C5: 0.004096 | D5: 1024 | E5: 64 | F5: 7.81756 | G5: 1 | H5: 2.31798 | I5: -15.5429 | J5: -17.8608
A6: =A5+1 -> 5 | B6: 244.141 | C6: 0.004096 | D6: 1024 | E6: 64 | F6: 7.77059 | G6: 1 | H6: 2.27529 | I6: -15.0296 | J6: -17.3049
A7: =A6+1 -> 6 | B7: 244.141 | C7: 0.004096 | D7: 1024 | E7: 64 | F7: 8.03231 | G7: 1 | H7: 2.24505 | I7: -14.8091 | J7: -17.0541
A8: =A7+1 -> 7 | B8: 976.562 | C8: 0.001024 | D8: 256 | E8: 16 | F8: 8.48565 | G8: 1 | H8: 2.14715 | I8: -14.4148 | J8: -16.562
A9: =A8+1 -> 8 | B9: 488.281 | C9: 0.002048 | D9: 512 | E9: 64 | F9: 9.6651 | G9: 1 | H9: 2.0228 | I9: -14.0935 | J9: -16.1163
A10: =A9+1 -> 9 | B10: 244.141 | C10: 0.004096 | D10: 1024 | E10: 64 | F10: 9.59253 | G10: 1 | H10: 1.97339 | I10: -13.9544 | J10: -15.9278
A11: =A10+1 -> 10 | B11: 244.141 | C11: 0.004096 | D11: 1024 | E11: 64 | F11: 9.83539 | G11: 1 | H11: 1.88568 | I11: -13.727 | J11: -15.6126
A12: =A11+1 -> 11 | B12: 244.141 | C12: 0.004096 | D12: 1024 | E12: 64 | F12: 9.17835 | G12: 1 | H12: 1.83661 | I12: -13.5325 | J12: -15.3691
A13: =A12+1 -> 12 | B13: 244.141 | C13: 0.004096 | D13: 1024 | E13: 64 | F13: 8.52096 | G13: 1 | H13: 1.81267 | I13: -13.3888 | J13: -15.2015
A14: =A13+1 -> 13 | B14: 244.141 | C14: 0.004096 | D14: 1024 | E14: 64 | F14: 7.53853 | G14: 1 | H14: 1.8171 | I14: -13.3247 | J14: -15.1418
... A140: =A139+1 -> 139 | B140: 244.141 | C140: 0.004096 | D140: 1024 | E140: 64 | F140: 9.78124 | G140: 1 | H140: 1.17016 | I140: -10.9493 | J140: -12.1195

Sheet 0.5m - Pulse J8
A1: Message Number | B1: Subcarrier Spacing | C1: Symbol time | D1: Subcarriers (FFT) | E1: CP length | F1: Average Recieved Power (mW) | G1: Threshold | H1: SNR | I1: Average Signal Power 2 | J1: Average Noise Power
A2: 1 | B2: 488.281 | C2: 0.002048 | D2: 512 | E2: 64 | F2: 12.9113 | G2: 1 | H2: 2.61655 | I2: -16.8847 | J2: -19.5012
A3: =A2+1 -> 2 | B3: 1953.12 | C3: 0.000512 | D3: 128 | E3: 64 | F3: 12.9789 | G3: 1 | H3: 2.29203 | I3: -16.1426 | J3: -18.4346
A4: =A3+1 -> 3 | B4: 488.281 | C4: 0.002048 | D4: 512 | E4: 64 | F4: 11.9864 | G4: 1 | H4: 2.03588 | I4: -15.0919 | J4: -17.1277
A5: =A4+1 -> 4 | B5: 488.281 | C5: 0.002048 | D5: 512 | E5: 64 | F5: 11.5379 | G5: 1 | H5: 1.97743 | I5: -14.3714 | J5: -16.3488
A6: =A5+1 -> 5 | B6: 244.141 | C6: 0.004096 | D6: 1024 | E6: 64 | F6: 11.1908 | G6: 1 | H6: 1.88064 | I6: -13.773 | J6: -15.6537
A7: =A6+1 -> 6 | B7: 488.281 | C7: 0.002048 | D7: 512 | E7: 64 | F7: 11.9268 | G7: 1 | H7: 1.85571 | I7: -13.5605 | J7: -15.4162
A8: =A7+1 -> 7 | B8: 976.562 | C8: 0.001024 | D8: 256 | E8: 32 | F8: 11.7719 | G8: 1 | H8: 1.80527 | I8: -13.1529 | J8: -14.9582
A9: =A8+1 -> 8 | B9: 244.141 | C9: 0.004096 | D9: 1024 | E9: 64 | F9: 13.8368 | G9: 1 | H9: 1.74532 | I9: -12.8126 | J9: -14.5579
A10: =A9+1 -> 9 | B10: 488.281 | C10: 0.002048 | D10: 512 | E10: 64 | F10: 13.5074 | G10: 1 | H10: 1.71994 | I10: -12.6677 | J10: -14.3877
A11: =A10+1 -> 10 | B11: 244.141 | C11: 0.004096 | D11: 1024 | E11: 64 | F11: 13.0586 | G11: 1 | H11: 1.57207 | I11: -12.3901 | J11: -13.9621
A12: =A11+1 -> 11 | B12: 488.281 | C12: 0.002048 | D12: 512 | E12: 64 | F12: 19.8669 | G12: 1 | H12: 1.39855 | I12: -12.133 | J12: -13.5315
A13: =A12+1 -> 12 | B13: 488.281 | C13: 0.002048 | D13: 512 | E13: 64 | F13: 19.0497 | G13: 1 | H13: 1.28109 | I13: -11.9113 | J13: -13.1924
A14: =A13+1 -> 13 | B14: 244.141 | C14: 0.004096 | D14: 1024 | E14: 64 | F14: 18.5475 | G14: 1 | H14: 1.23874 | I14: -11.808 | J14: -13.0467
... A140: =A139+1 -> 139 | B140: 488.281 | C140: 0.002048 | D140: 512 | E140: 64 | F140: 12.276 | G140: 1 | H140: 1.31317 | I140: -9.65424 | J140: -10.9674

Sheet 0.5m - Protocol Aware J1
A1: Message Number | B1: Subcarrier Spacing | C1: Symbol time | D1: Subcarriers (FFT) | E1: CP length | F1: Average Recieved Power (mW) | G1: Threshold | H1: SNR | I1: Average Signal Power 2 | J1: Average Noise Power
A2: 1 | B2: 488.281 | C2: 0.002048 | D2: 512 | E2: 64 | F2: 347.683 | G2: 1 | H2: -2.66321 | I2: -8.35152 | J2: -5.6883
A3: =A2+1 -> 2 | B3: 3906.25 | C3: 0.000256 | D3: 64 | E3: 64 | F3: 316.138 | G3: 1 | H3: -2.50211 | I3: -7.3298 | J3: -4.82769
A4: =A3+1 -> 3 | B4: 976.562 | C4: 0.001024 | D4: 256 | E4: 64 | F4: 292.978 | G4: 1 | H4: -2.11123 | I4: -6.02579 | J4: -3.91456
A5: =A4+1 -> 4 | B5: 244.141 | C5: 0.004096 | D5: 1024 | E5: 64 | F5: 259.485 | G5: 1 | H5: -1.73155 | I5: -5.22295 | J5: -3.49141
A6: =A5+1 -> 5 | B6: 976.562 | C6: 0.001024 | D6: 256 | E6: 64 | F6: 250.667 | G6: 1 | H6: -1.38671 | I6: -4.61758 | J6: -3.23087
A7: =A6+1 -> 6 | B7: 3906.25 | C7: 0.000256 | D7: 64 | E7: 16 | F7: 261.636 | G7: 1 | H7: -1.23709 | I7: -4.36101 | J7: -3.12392
A8: =A7+1 -> 7 | B8: 1953.12 | C8: 0.000512 | D8: 128 | E8: 32 | F8: 278.043 | G8: 1 | H8: -0.988015 | I8: -3.90238 | J8: -2.91436
A9: =A8+1 -> 8 | B9: 3906.25 | C9: 0.000256 | D9: 64 | E9: 16 | F9: 307.702 | G9: 1 | H9: -0.805743 | I9: -3.51345 | J9: -2.70771
A10: =A9+1 -> 9 | B10: 976.562 | C10: 0.001024 | D10: 256 | E10: 64 | F10: 333.426 | G10: 1 | H10: -0.726819 | I10: -3.33133 | J10: -2.60451
A11: =A10+1 -> 10 | B11: 244.141 | C11: 0.004096 | D11: 1024 | E11: 64 | F11: 335.321 | G11: 1 | H11: -0.594359 | I11: -3.04006 | J11: -2.4457
A12: =A11+1 -> 11 | B12: 1953.12 | C12: 0.000512 | D12: 128 | E12: 32 | F12: 312.155 | G12: 1 | H12: -0.448752 | I12: -2.83047 | J12: -2.38171
A13: =A12+1 -> 12 | B13: 488.281 | C13: 0.002048 | D13: 512 | E13: 64 | F13: 259.718 | G13: 1 | H13: -0.266662 | I13: -2.67493 | J13: -2.40827
A14: =A13+1 -> 13 | B14: 1953.12 | C14: 0.000512 | D14: 128 | E14: 64 | F14: 228.501 | G14: 1 | H14: -0.169899 | I14: -2.61131 | J14: -2.44142
... A142: =A141+1 -> 141 | B142: 244.141 | C142: 0.004096 | D142: 1024 | E142: 64 | F142: 290.292 | G142: 1 | H142: 4.02941 | I142: -0.643048 | J142: -4.67246

Sheet 0.5m - Protocol Aware J2
A1: Message Number | B1: Subcarrier Spacing | C1: Symbol time | D1: Subcarriers (FFT) | E1: CP length | F1: Average Recieved Power (mW) | G1: Threshold | H1: SNR | I1: Average Signal Power 2 | J1: Average Noise Power
A2: 1 | B2: 488.281 | C2: 0.002048 | D2: 512 | E2: 64 | F2: 314.074 | G2: 1 | H2: -2.79232 | I2: -8.81664 | J2: -6.02431
A3: =A2+1 -> 2 | B3: 488.281 | C3: 0.002048 | D3: 512 | E3: 64 | F3: 302.18 | G3: 1 | H3: -2.61128 | I3: -7.80061 | J3: -5.18933
A4: =A3+1 -> 3 | B4: 244.141 | C4: 0.004096 | D4: 1024 | E4: 64 | F4: 255.561 | G4: 1 | H4: -2.20583 | I4: -6.50513 | J4: -4.2993
A5: =A4+1 -> 4 | B5: 488.281 | C5: 0.002048 | D5: 512 | E5: 32 | F5: 223.803 | G5: 1 | H5: -1.87051 | I5: -5.79229 | J5: -3.92178
A6: =A5+1 -> 5 | B6: 244.141 | C6: 0.004096 | D6: 1024 | E6: 64 | F6: 215.99 | G6: 1 | H6: -1.52535 | I6: -5.16404 | J6: -3.6387
A7: =A6+1 -> 6 | B7: 488.281 | C7: 0.002048 | D7: 512 | E7: 64 | F7: 231.255 | G7: 1 | H7: -1.33696 | I7: -4.82111 | J7: -3.48414
A8: =A7+1 -> 7 | B8: 488.281 | C8: 0.002048 | D8: 512 | E8: 64 | F8: 245.741 | G8: 1 | H8: -1.11259 | I8: -4.35042 | J8: -3.23783
A9: =A8+1 -> 8 | B9: 244.141 | C9: 0.004096 | D9: 1024 | E9: 64 | F9: 292.24 | G9: 1 | H9: -0.967792 | I9: -3.92727 | J9: -2.95948
A10: =A9+1 -> 9 | B10: 488.281 | C10: 0.002048 | D10: 512 | E10: 64 | F10: 333.298 | G10: 1 | H10: -0.915289 | I10: -3.73046 | J10: -2.81517
A11: =A10+1 -> 10 | B11: 244.141 | C11: 0.004096 | D11: 1024 | E11: 64 | F11: 290.181 | G11: 1 | H11: -0.815757 | I11: -3.43775 | J11: -2.62199
A12: =A11+1 -> 11 | B12: 488.281 | C12: 0.002048 | D12: 512 | E12: 64 | F12: 267.782 | G12: 1 | H12: -0.707443 | I12: -3.24177 | J12: -2.53433
A13: =A12+1 -> 12 | B13: 1953.12 | C13: 0.000512 | D13: 128 | E13: 16 | F13: 229.5 | G13: 1 | H13: -0.558247 | I13: -3.10187 | J13: -2.54363
A14: =A13+1 -> 13 | B14: 976.562 | C14: 0.001024 | D14: 256 | E14: 32 | F14: 193.545 | G14: 1 | H14: -0.476767 | I14: -3.04637 | J14: -2.56961
... A140: =A139+1 -> 139 | B140: 244.141 | C140: 0.004096 | D140: 1024 | E140: 64 | F140: 339.634 | G140: 1 | H140: 4.02843 | I140: -0.628579 | J140: -4.65701

Sheet 0.5m - Protocol Aware J3
A1: Message Number | B1: Subcarrier Spacing | C1: Symbol time | D1: Subcarriers (FFT) | E1: CP length | F1: Average Recieved Power (mW) | G1: Threshold | H1: SNR | I1: Average Signal Power 2 | J1: Average Noise Power
A2: 1 | B2: 488.281 | C2: 0.002048 | D2: 512 | E2: 64 | F2: 309.556 | G2: 1 | H2: -2.16003 | I2: -8.36874 | J2: -6.20871
A3: =A2+1 -> 2 | B3: 976.562 | C3: 0.001024 | D3: 256 | E3: 16 | F3: 295.572 | G3: 1 | H3: -2.10478 | I3: -7.49175 | J3: -5.38697
A4: =A3+1 -> 3 | B4: 244.141 | C4: 0.004096 | D4: 1024 | E4: 64 | F4: 242.868 | G4: 1 | H4: -1.828 | I4: -6.35043 | J4: -4.52243
A5: =A4+1 -> 4 | B5: 7812.5 | C5: 0.000128 | D5: 32 | E5: 16 | F5: 207.286 | G5: 1 | H5: -1.50538 | I5: -5.62247 | J5: -4.11709
A6: =A5+1 -> 5 | B6: 244.141 | C6: 0.004096 | D6: 1024 | E6: 64 | F6: 201.253 | G6: 1 | H6: -1.22089 | I6: -5.07734 | J6: -3.85645
A7: =A6+1 -> 6 | B7: 488.281 | C7: 0.002048 | D7: 512 | E7: 64 | F7: 212.113 | G7: 1 | H7: -1.10255 | I7: -4.84391 | J7: -3.74135
A8: =A7+1 -> 7 | B8: 488.281 | C8: 0.002048 | D8: 512 | E8: 64 | F8: 229.094 | G8: 1 | H8: -0.930066 | I8: -4.41526 | J8: -3.48519
A9: =A8+1 -> 8 | B9: 244.141 | C9: 0.004096 | D9: 1024 | E9: 64 | F9: 271.426 | G9: 1 | H9: -0.839942 | I9: -4.03071 | J9: -3.19077
A10: =A9+1 -> 9 | B10: 244.141 | C10: 0.004096 | D10: 1024 | E10: 64 | F10: 292.641 | G10: 1 | H10: -0.808685 | I10: -3.85648 | J10: -3.0478
A11: =A10+1 -> 10 | B11: 976.562 | C11: 0.001024 | D11: 256 | E11: 32 | F11: 306.939 | G11: 1 | H11: -0.721175 | I11: -3.51741 | J11: -2.79623
A12: =A11+1 -> 11 | B12: 488.281 | C12: 0.002048 | D12: 512 | E12: 32 | F12: 327.43 | G12: 1 | H12: -0.569185 | I12: -3.22878 | J12: -2.6596
A13: =A12+1 -> 12 | B13: 488.281 | C13: 0.002048 | D13: 512 | E13: 64 | F13: 288.256 | G13: 1 | H13: -0.374053 | I13: -3.00892 | J13: -2.63486
A14: =A13+1 -> 13 | B14: 488.281 | C14: 0.002048 | D14: 512 | E14: 64 | F14: 253.942 | G14: 1 | H14: -0.269349 | I14: -2.91797 | J14: -2.64862
... A140: =A139+1 -> 139 | B140: 488.281 | C140: 0.002048 | D140: 512 | E140: 64 | F140: 288.535 | G140: 1 | H140: 3.43492 | I140: -0.818266 | J140: -4.25319

Sheet 0.5m - Protocol Aware J4
A1: Message Number | B1: Subcarrier Spacing | C1: Symbol time | D1: Subcarriers (FFT) | E1: CP length | F1: Average Recieved Power (mW) | G1: Threshold | H1: SNR | I1: Average Signal Power 2 | J1: Average Noise Power
A2: 1 | B2: 488.281 | C2: 0.002048 | D2: 512 | E2: 64 | F2: 320.342 | G2: 1 | H2: -2.84862 | I2: -8.88061 | J2: -6.032
A3: =A2+1 -> 2 | B3: 488.281 | C3: 0.002048 | D3: 512 | E3: 64 | F3: 298.279 | G3: 1 | H3: -2.66479 | I3: -7.8597 | J3: -5.19491
A4: =A3+1 -> 3 | B4: 488.281 | C4: 0.002048 | D4: 512 | E4: 64 | F4: 250.978 | G4: 1 | H4: -2.24919 | I4: -6.56719 | J4: -4.318
A5: =A4+1 -> 4 | B5: 244.141 | C5: 0.004096 | D5: 1024 | E5: 64 | F5: 211.674 | G5: 1 | H5: -1.85255 | I5: -5.74775 | J5: -3.8952
A6: =A5+1 -> 5 | B6: 1953.12 | C6: 0.000512 | D6: 128 | E6: 64 | F6: 213.855 | G6: 1 | H6: -1.51469 | I6: -5.14047 | J6: -3.62578
A7: =A6+1 -> 6 | B7: 7812.5 | C7: 0.000128 | D7: 32 | E7: 64 | F7: 225.804 | G7: 1 | H7: -1.37151 | I7: -4.87934 | J7: -3.50783
A8: =A7+1 -> 7 | B8: 976.562 | C8: 0.001024 | D8: 256 | E8: 64 | F8: 239.391 | G8: 1 | H8: -1.15178 | I8: -4.40836 | J8: -3.25658
A9: =A8+1 -> 8 | B9: 488.281 | C9: 0.002048 | D9: 512 | E9: 64 | F9: 284.353 | G9: 1 | H9: -1.01257 | I9: -3.98264 | J9: -2.97007
A10: =A9+1 -> 9 | B10: 976.562 | C10: 0.001024 | D10: 256 | E10: 64 | F10: 327.987 | G10: 1 | H10: -0.962176 | I10: -3.78807 | J10: -2.8259
A11: =A10+1 -> 10 | B11: 976.562 | C11: 0.001024 | D11: 256 | E11: 64 | F11: 346.864 | G11: 1 | H11: -0.835868 | I11: -3.43426 | J11: -2.59839
A12: =A11+1 -> 11 | B12: 1953.12 | C12: 0.000512 | D12: 128 | E12: 32 | F12: 319.022 | G12: 1 | H12: -0.662685 | I12: -3.13988 | J12: -2.4772
A13: =A12+1 -> 12 | B13: 244.141 | C13: 0.004096 | D13: 1024 | E13: 64 | F13: 279.8 | G13: 1 | H13: -0.454712 | I13: -2.91554 | J13: -2.46083
A14: =A13+1 -> 13 | B14: 244.141 | C14: 0.004096 | D14: 1024 | E14: 64 | F14: 259.459 | G14: 1 | H14: -0.345303 | I14: -2.82379 | J14: -2.47849
... A140: =A139+1 -> 139 | B140: 976.562 | C140: 0.001024 | D140: 256 | E140: 64 | F140: 330.936 | G140: 1 | H140: 4.06912 | I140: -0.62508 | J140: -4.6942

Sheet 0.5m - Protocol Aware J5
A1: Message Number | B1: Subcarrier Spacing | C1: Symbol time | D1: Subcarriers (FFT) | E1: CP length | F1: Average Recieved Power (mW) | G1: Threshold | H1: SNR | I1: Average Signal Power 2 | J1: Average Noise Power
A2: 1 | B2: 488.281 | C2: 0.002048 | D2: 512 | E2: 64 | F2: 257.001 | G2: 1 | H2: -2.72836 | I2: -9.42408 | J2: -6.69572
A3: =A2+1 -> 2 | B3: 488.281 | C3: 0.002048 | D3: 512 | E3: 64 | F3: 239.448 | G3: 1 | H3: -2.5872 | I3: -8.41277 | J3: -5.82557
A4: =A3+1 -> 3 | B4: 488.281 | C4: 0.002048 | D4: 512 | E4: 64 | F4: 211.481 | G4: 1 | H4: -2.21844 | I4: -7.13344 | J4: -4.91499
A5: =A4+1 -> 4 | B5: 488.281 | C5: 0.002048 | D5: 512 | E5: 64 | F5: 171.9 | G5: 1 | H5: -1.8526 | I5: -6.33637 | J5: -4.48377
A6: =A5+1 -> 5 | B6: 244.141 | C6: 0.004096 | D6: 1024 | E6: 64 | F6: 176.64 | G6: 1 | H6: -1.54696 | I6: -5.74175 | J6: -4.19479
A7: =A6+1 -> 6 | B7: 488.281 | C7: 0.002048 | D7: 512 | E7: 64 | F7: 191.062 | G7: 1 | H7: -1.42515 | I7: -5.48666 | J7: -4.06151
A8: =A7+1 -> 7 | B8: 244.141 | C8: 0.004096 | D8: 1024 | E8: 64 | F8: 201.394 | G8: 1 | H8: -1.2577 | I8: -5.02118 | J8: -3.76348
A9: =A8+1 -> 8 | B9: 976.562 | C9: 0.001024 | D9: 256 | E9: 64 | F9: 240.126 | G9: 1 | H9: -1.182 | I9: -4.60197 | J9: -3.41997
A10: =A9+1 -> 9 | B10: 244.141 | C10: 0.004096 | D10: 1024 | E10: 64 | F10: 285.046 | G10: 1 | H10: -1.15489 | I10: -4.41435 | J10: -3.25946
A11: =A10+1 -> 10 | B11: 7812.5 | C11: 0.000128 | D11: 32 | E11: 64 | F11: 318.368 | G11: 1 | H11: -1.07616 | I11: -4.03879 | J11: -2.96264
A12: =A11+1 -> 11 | B12: 488.281 | C12: 0.002048 | D12: 512 | E12: 64 | F12: 300.796 | G12: 1 | H12: -0.938848 | I12: -3.70489 | J12: -2.76604
A13: =A12+1 -> 12 | B13: 488.281 | C13: 0.002048 | D13: 512 | E13: 64 | F13: 276.551 | G13: 1 | H13: -0.75289 | I13: -3.4572 | J13: -2.70431
A14: =A13+1 -> 13 | B14: 488.281 | C14: 0.002048 | D14: 512 | E14: 64 | F14: 238.107 | G14: 1 | H14: -0.652549 | I14: -3.35736 | J14: -2.70481
... A142: =A141+1 -> 141 | B142: 488.281 | C142: 0.002048 | D142: 512 | E142: 64 | F142: 211.826 | G142: 1 | H142: 3.75239 | I142: -0.711859 | J142: -4.46425

Sheet 0.5m - Protocol Aware J6
A1: Message Number | B1: Subcarrier Spacing | C1: Symbol time | D1: Subcarriers (FFT) | E1: CP length | F1: Average Recieved Power (mW) | G1: Threshold | H1: SNR | I1: Average Signal Power 2 | J1: Average Noise Power
A2: 1 | B2: 488.281 | C2: 0.002048 | D2: 512 | E2: 64 | F2: 315.826 | G2: 1 | H2: -2.73898 | I2: -8.84086 | J2: -6.10187
A3: =A2+1 -> 2 | B3: 488.281 | C3: 0.002048 | D3: 512 | E3: 64 | F3: 297.914 | G3: 1 | H3: -2.58061 | I3: -7.8299 | J3: -5.24929
A4: =A3+1 -> 3 | B4: 488.281 | C4: 0.002048 | D4: 512 | E4: 64 | F4: 233.366 | G4: 1 | H4: -2.19002 | I4: -6.55134 | J4: -4.36132
A5: =A4+1 -> 4 | B5: 976.562 | C5: 0.001024 | D5: 256 | E5: 64 | F5: 208.16 | G5: 1 | H5: -1.80935 | I5: -5.75009 | J5: -3.94074
A6: =A5+1 -> 5 | B6: 488.281 | C6: 0.002048 | D6: 512 | E6: 64 | F6: 202.566 | G6: 1 | H6: -1.48619 | I6: -5.16631 | J6: -3.68012
A7: =A6+1 -> 6 | B7: 488.281 | C7: 0.002048 | D7: 512 | E7: 64 | F7: 218.484 | G7: 1 | H7: -1.3525 | I7: -4.91799 | J7: -3.56549
A8: =A7+1 -> 7 | B8: 488.281 | C8: 0.002048 | D8: 512 | E8: 64 | F8: 232.183 | G8: 1 | H8: -1.14707 | I8: -4.46805 | J8: -3.32099
A9: =A8+1 -> 8 | B9: 1953.12 | C9: 0.000512 | D9: 128 | E9: 32 | F9: 275.569 | G9: 1 | H9: -1.02698 | I9: -4.05872 | J9: -3.03175
A10: =A9+1 -> 9 | B10: 488.281 | C10: 0.002048 | D10: 512 | E10: 64 | F10: 302.043 | G10: 1 | H10: -0.983396 | I10: -3.87458 | J10: -2.89118
A11: =A10+1 -> 10 | B11: 976.562 | C11: 0.001024 | D11: 256 | E11: 32 | F11: 317.283 | G11: 1 | H11: -0.892542 | I11: -3.57927 | J11: -2.68673
A12: =A11+1 -> 11 | B12: 1953.12 | C12: 0.000512 | D12: 128 | E12: 64 | F12: 274.575 | G12: 1 | H12: -0.778945 | I12: -3.36246 | J12: -2.58352
A13: =A12+1 -> 12 | B13: 244.141 | C13: 0.004096 | D13: 1024 | E13: 64 | F13: 232.076 | G13: 1 | H13: -0.624213 | I13: -3.20147 | J13: -2.57725
A14: =A13+1 -> 13 | B14: 976.562 | C14: 0.001024 | D14: 256 | E14: 64 | F14: 201.1 | G14: 1 | H14: -0.541788 | I14: -3.13907 | J14: -2.59728
... A141: =A140+1 -> 140 | B141: 488.281 | C141: 0.002048 | D141: 512 | E141: 64 | F141: 253.183 | G141: 1 | H141: 3.30785 | I141: -0.871496 | J141: -4.17935

Sheet 0.5m - Protocol Aware J7
A1: Message Number | B1: Subcarrier Spacing | C1: Symbol time | D1: Subcarriers (FFT) | E1: CP length | F1: Average Recieved Power (mW) | G1: Threshold | H1: SNR | I1: Average Signal Power 2 | J1: Average Noise Power
A2: 1 | B2: 488.281 | C2: 0.002048 | D2: 512 | E2: 64 | F2: 321.227 | G2: 1 | H2: -2.78865 | I2: -8.78091 | J2: -5.99225
A3: =A2+1 -> 2 | B3: 244.141 | C3: 0.004096 | D3: 1024 | E3: 64 | F3: 297.311 | G3: 1 | H3: -2.61225 | I3: -7.78726 | J3: -5.17501
A4: =A3+1 -> 3 | B4: 488.281 | C4: 0.002048 | D4: 512 | E4: 64 | F4: 252.182 | G4: 1 | H4: -2.21786 | I4: -6.51667 | J4: -4.29882
A5: =A4+1 -> 4 | B5: 488.281 | C5: 0.002048 | D5: 512 | E5: 64 | F5: 215.628 | G5: 1 | H5: -1.83463 | I5: -5.72153 | J5: -3.8869
A6: =A5+1 -> 5 | B6: 244.141 | C6: 0.004096 | D6: 1024 | E6: 64 | F6: 208.661 | G6: 1 | H6: -1.50808 | I6: -5.14237 | J6: -3.63429
A7: =A6+1 -> 6 | B7: 488.281 | C7: 0.002048 | D7: 512 | E7: 64 | F7: 219.31 | G7: 1 | H7: -1.37272 | I7: -4.89585 | J7: -3.52313
A8: =A7+1 -> 7 | B8: 488.281 | C8: 0.002048 | D8: 512 | E8: 64 | F8: 236.456 | G8: 1 | H8: -1.16806 | I8: -4.44436 | J8: -3.27631
A9: =A8+1 -> 8 | B9: 488.281 | C9: 0.002048 | D9: 512 | E9: 64 | F9: 272.036 | G9: 1 | H9: -1.04714 | I9: -4.03721 | J9: -2.99007
A10: =A9+1 -> 9 | B10: 244.141 | C10: 0.004096 | D10: 1024 | E10: 64 | F10: 301.266 | G10: 1 | H10: -1.00356 | I10: -3.8532 | J10: -2.84965
A11: =A10+1 -> 10 | B11: 976.562 | C11: 0.001024 | D11: 256 | E11: 32 | F11: 311.577 | G11: 1 | H11: -0.912348 | I11: -3.5576 | J11: -2.64525
A12: =A11+1 -> 11 | B12: 244.141 | C12: 0.004096 | D12: 1024 | E12: 64 | F12: 281.934 | G12: 1 | H12: -0.798592 | I12: -3.34219 | J12: -2.5436
A13: =A12+1 -> 12 | B13: 488.281 | C13: 0.002048 | D13: 512 | E13: 64 | F13: 239.149 | G13: 1 | H13: -0.644967 | I13: -3.18636 | J13: -2.54139
A14: =A13+1 -> 13 | B14: 488.281 | C14: 0.002048 | D14: 512 | E14: 64 | F14: 197.169 | G14: 1 | H14: -0.560145 | I14: -3.12416 | J14: -2.56402
... A140: =A139+1 -> 139 | B140: 244.141 | C140: 0.004096 | D140: 1024 | E140: 64 | F140: 336.22 | G140: 1 | H140: 3.96755 | I140: -0.645743 | J140: -4.61329

Sheet 0.5m - Protocol Aware J8
A1: Message Number | B1: Subcarrier Spacing | C1: Symbol time | D1: Subcarriers (FFT) | E1: CP length | F1: Average Recieved Power (mW) | G1: Threshold | H1: SNR | I1: Average Signal Power 2 | J1: Average Noise Power
A2: 1 | B2: 488.281 | C2: 0.002048 | D2: 512 | E2: 64 | F2: 285.039 | G2: 1 | H2: -2.8197 | I2: -9.27112 | J2: -6.45141
A3: =A2+1 -> 2 | B3: 976.562 | C3: 0.001024 | D3: 256 | E3: 64 | F3: 262.007 | G3: 1 | H3: -2.66938 | I3: -8.28314 | J3: -5.61377
A4: =A3+1 -> 3 | B4: 244.141 | C4: 0.004096 | D4: 1024 | E4: 64 | F4: 227.059 | G4: 1 | H4: -2.27937 | I4: -6.98654 | J4: -4.70717
A5: =A4+1 -> 4 | B5: 488.281 | C5: 0.002048 | D5: 512 | E5: 64 | F5: 195.34 | G5: 1 | H5: -1.90603 | I5: -6.17506 | J5: -4.26904
A6: =A5+1 -> 5 | B6: 244.141 | C6: 0.004096 | D6: 1024 | E6: 64 | F6: 182.37 | G6: 1 | H6: -1.59431 | I6: -5.58448 | J6: -3.99017
A7: =A6+1 -> 6 | B7: 488.281 | C7: 0.002048 | D7: 512 | E7: 64 | F7: 201.56 | G7: 1 | H7: -1.47039 | I7: -5.33156 | J7: -3.86117
A8: =A7+1 -> 7 | B8: 488.281 | C8: 0.002048 | D8: 512 | E8: 64 | F8: 214.51 | G8: 1 | H8: -1.28502 | I8: -4.85522 | J8: -3.57019
A9: =A8+1 -> 8 | B9: 976.562 | C9: 0.001024 | D9: 256 | E9: 64 | F9: 259.578 | G9: 1 | H9: -1.18565 | I9: -4.42517 | J9: -3.23952
A10: =A9+1 -> 9 | B10: 244.141 | C10: 0.004096 | D10: 1024 | E10: 64 | F10: 287.129 | G10: 1 | H10: -1.15435 | I10: -4.2431 | J10: -3.08875
A11: =A10+1 -> 10 | B11: 976.562 | C11: 0.001024 | D11: 256 | E11: 32 | F11: 289.408 | G11: 1 | H11: -1.0764 | I11: -3.90718 | J11: -2.83078
A12: =A11+1 -> 11 | B12: 244.141 | C12: 0.004096 | D12: 1024 | E12: 64 | F12: 285.916 | G12: 1 | H12: -0.964707 | I12: -3.64187 | J12: -2.67717
A13: =A12+1 -> 12 | B13: 244.141 | C13: 0.004096 | D13: 1024 | E13: 64 | F13: 247.287 | G13: 1 | H13: -0.810071 | I13: -3.45602 | J13: -2.64595
A14: =A13+1 -> 13 | B14: 244.141 | C14: 0.004096 | D14: 1024 | E14: 64 | F14: 201.905 | G14: 1 | H14: -0.722597 | I14: -3.38043 | J14: -2.65783
... A140: =A139+1 -> 139 | B140: 1953.12 | C140: 0.000512 | D140: 128 | E140: 64 | F140: 296.887 | G140: 1 | H140: 3.54522 | I140: -0.767221 | J140: -4.31244

Sheet 1m - Barrage J1
A1: Message Number | B1: Subcarrier Spacing | C1: Symbol time | D1: Subcarriers (FFT) | E1: CP length | F1: Average Recieved Power (mW) | G1: Threshold | H1: SNR | I1: Average Signal Power 2 | J1: Average Noise Power
A2: 1 | B2: 488.281 | C2: 0.002048 | D2: 512 | E2: 64 | F2: 254.193 | G2: 1 | H2: -2.30159 | I2: -9.02489 | J2: -6.7233
A3: =A2+1 -> 2 | B3: 244.141 | C3: 0.004096 | D3: 1024 | E3: 64 | F3: 252.007 | G3: 1 | H3: -2.18518 | I3: -7.994 | J3: -5.80882
A4: =A3+1 -> 3 | B4: 488.281 | C4: 0.002048 | D4: 512 | E4: 64 | F4: 245.994 | G4: 1 | H4: -1.89008 | I4: -6.62068 | J4: -4.7306
A5: =A4+1 -> 4 | B5: 1953.12 | C5: 0.000512 | D5: 128 | E5: 32 | F5: 232.208 | G5: 1 | H5: -1.59039 | I5: -5.70893 | J5: -4.11854
A6: =A5+1 -> 5 | B6: 976.562 | C6: 0.001024 | D6: 256 | E6: 32 | F6: 242.722 | G6: 1 | H6: -1.31283 | I6: -5.0396 | J6: -3.72677
A7: =A6+1 -> 6 | B7: 976.562 | C7: 0.001024 | D7: 256 | E7: 16 | F7: 249.749 | G7: 1 | H7: -1.18786 | I7: -4.76535 | J7: -3.57749
A8: =A7+1 -> 7 | B8: 244.141 | C8: 0.004096 | D8: 1024 | E8: 64 | F8: 265.326 | G8: 1 | H8: -0.973398 | I8: -4.28867 | J8: -3.31527
A9: =A8+1 -> 8 | B9: 488.281 | C9: 0.002048 | D9: 512 | E9: 64 | F9: 275.738 | G9: 1 | H9: -0.797673 | I9: -3.89394 | J9: -3.09627
A10: =A9+1 -> 9 | B10: 488.281 | C10: 0.002048 | D10: 512 | E10: 64 | F10: 281.804 | G10: 1 | H10: -0.71289 | I10: -3.73039 | J10: -3.0175
A11: =A10+1 -> 10 | B11: 976.562 | C11: 0.001024 | D11: 256 | E11: 64 | F11: 260.592 | G11: 1 | H11: -0.559026 | I11: -3.42326 | J11: -2.86423
A12: =A11+1 -> 11 | B12: 976.562 | C12: 0.001024 | D12: 256 | E12: 64 | F12: 317.88 | G12: 1 | H12: -0.394846 | I12: -3.15191 | J12: -2.75706
A13: =A12+1 -> 12 | B13: 244.141 | C13: 0.004096 | D13: 1024 | E13: 64 | F13: 271.253 | G13: 1 | H13: -0.206463 | I13: -2.93869 | J13: -2.73223
A14: =A13+1 -> 13 | B14: 488.281 | C14: 0.002048 | D14: 512 | E14: 64 | F14: 253.168 | G14: 1 | H14: -0.108313 | I14: -2.85095 | J14: -2.74263
... A141: =A140+1 -> 140 | B141: 976.562 | C141: 0.001024 | D141: 256 | E141: 64 | F141: 275.966 | G141: 1 | H141: 5.25441 | I141: -0.586135 | J141: -5.84055

Sheet 1m - Barrage J2
A1: Message Number | B1: Subcarrier Spacing | C1: Symbol time | D1: Subcarriers (FFT) | E1: CP length | F1: Average Recieved Power (mW) | G1: Threshold | H1: SNR | I1: Average Signal Power 2 | J1: Average Noise Power
A2: 1 | B2: 488.281 | C2: 0.002048 | D2: 512 | E2: 64 | F2: 296.193 | G2: 1 | H2: -2.41086 | I2: -8.77845 | J2: -6.36759
A3: =A2+1 -> 2 | B3: 3906.25 | C3: 0.000256 | D3: 64 | E3: 64 | F3: 291.422 | G3: 1 | H3: -2.30132 | I3: -7.73737 | J3: -5.43606
A4: =A3+1 -> 3 | B4: 3906.25 | C4: 0.000256 | D4: 64 | E4: 32 | F4: 271.057 | G4: 1 | H4: -1.98723 | I4: -6.38733 | J4: -4.4001
A5: =A4+1 -> 4 | B5: 488.281 | C5: 0.002048 | D5: 512 | E5: 64 | F5: 243.835 | G5: 1 | H5: -1.67045 | I5: -5.53973 | J5: -3.86927
A6: =A5+1 -> 5 | B6: 244.141 | C6: 0.004096 | D6: 1024 | E6: 64 | F6: 240.075 | G6: 1 | H6: -1.37163 | I6: -4.9156 | J6: -3.54397
A7: =A6+1 -> 6 | B7: 1953.12 | C7: 0.000512 | D7: 128 | E7: 32 | F7: 238.286 | G7: 1 | H7: -1.23912 | I7: -4.66252 | J7: -3.4234
A8: =A7+1 -> 7 | B8: 488.281 | C8: 0.002048 | D8: 512 | E8: 64 | F8: 241.523 | G8: 1 | H8: -1.00434 | I8: -4.23544 | J8: -3.2311
A9: =A8+1 -> 8 | B9: 488.281 | C9: 0.002048 | D9: 512 | E9: 64 | F9: 261.074 | G9: 1 | H9: -0.822267 | I9: -3.8815 | J9: -3.05923
A10: =A9+1 -> 9 | B10: 244.141 | C10: 0.004096 | D10: 1024 | E10: 64 | F10: 270.805 | G10: 1 | H10: -0.741054 | I10: -3.71435 | J10: -2.9733
A11: =A10+1 -> 10 | B11: 976.562 | C11: 0.001024 | D11: 256 | E11: 32 | F11: 287.218 | G11: 1 | H11: -0.580221 | I11: -3.4126 | J11: -2.83238
A12: =A11+1 -> 11 | B12: 976.562 | C12: 0.001024 | D12: 256 | E12: 32 | F12: 293.836 | G12: 1 | H12: -0.415711 | I12: -3.15432 | J12: -2.73861
A13: =A12+1 -> 12 | B13: 488.281 | C13: 0.002048 | D13: 512 | E13: 64 | F13: 283.319 | G13: 1 | H13: -0.23209 | I13: -2.94564 | J13: -2.71355
A14: =A13+1 -> 13 | B14: 244.141 | C14: 0.004096 | D14: 1024 | E14: 64 | F14: 253.94 | G14: 1 | H14: -0.144909 | I14: -2.86534 | J14: -2.72044
... A140: =A139+1 -> 139 | B140: 488.281 | C140: 0.002048 | D140: 512 | E140: 64 | F140: 302.721 | G140: 1 | H140: 5.32429 | I140: -0.473344 | J140: -5.79764

Sheet 1m - Barrage J3
A1: Message Number | B1: Subcarrier Spacing | C1: Symbol time | D1: Subcarriers (FFT) | E1: CP length | F1: Average Recieved Power (mW) | G1: Threshold | H1: SNR | I1: Average Signal Power 2 | J1: Average Noise Power
A2: 1 | B2: 488.281 | C2: 0.002048 | D2: 512 | E2: 64 | F2: 277.458 | G2: 1 | H2: -2.33579 | I2: -8.91355 | J2: -6.57776
A3: =A2+1 -> 2 | B3: 244.141 | C3: 0.004096 | D3: 1024 | E3: 64 | F3: 264.367 | G3: 1 | H3: -2.21663 | I3: -7.90204 | J3: -5.68541
A4: =A3+1 -> 3 | B4: 244.141 | C4: 0.004096 | D4: 1024 | E4: 64 | F4: 239.629 | G4: 1 | H4: -1.90148 | I4: -6.58005 | J4: -4.67857
A5: =A4+1 -> 4 | B5: 976.562 | C5: 0.001024 | D5: 256 | E5: 64 | F5: 235.658 | G5: 1 | H5: -1.58807 | I5: -5.69853 | J5: -4.11045
A6: =A5+1 -> 5 | B6: 244.141 | C6: 0.004096 | D6: 1024 | E6: 64 | F6: 236.189 | G6: 1 | H6: -1.30917 | I6: -5.03472 | J6: -3.72555
A7: =A6+1 -> 6 | B7: 488.281 | C7: 0.002048 | D7: 512 | E7: 64 | F7: 255.631 | G7: 1 | H7: -1.18572 | I7: -4.7555 | J7: -3.56978
A8: =A7+1 -> 7 | B8: 1953.12 | C8: 0.000512 | D8: 128 | E8: 64 | F8: 262.716 | G8: 1 | H8: -0.971028 | I8: -4.28125 | J8: -3.31022
A9: =A8+1 -> 8 | B9: 244.141 | C9: 0.004096 | D9: 1024 | E9: 64 | F9: 288.073 | G9: 1 | H9: -0.804163 | I9: -3.86955 | J9: -3.06538
A10: =A9+1 -> 9 | B10: 976.562 | C10: 0.001024 | D10: 256 | E10: 32 | F10: 298.132 | G10: 1 | H10: -0.725782 | I10: -3.69125 | J10: -2.96547
A11: =A10+1 -> 10 | B11: 488.281 | C11: 0.002048 | D11: 512 | E11: 64 | F11: 296.519 | G11: 1 | H11: -0.564304 | I11: -3.39095 | J11: -2.82665
A12: =A11+1 -> 11 | B12: 976.562 | C12: 0.001024 | D12: 256 | E12: 16 | F12: 295.532 | G12: 1 | H12: -0.400131 | I12: -3.13275 | J12: -2.73262
A13: =A12+1 -> 12 | B13: 244.141 | C13: 0.004096 | D13: 1024 | E13: 64 | F13: 277.52 | G13: 1 | H13: -0.214662 | I13: -2.92565 | J13: -2.71099
A14: =A13+1 -> 13 | B14: 488.281 | C14: 0.002048 | D14: 512 | E14: 64 | F14: 258.007 | G14: 1 | H14: -0.118368 | I14: -2.83756 | J14: -2.71919
... A140: =A139+1 -> 139 | B140: 976.562 | C140: 0.001024 | D140: 256 | E140: 16 | F140: 310.649 | G140: 1 | H140: 5.33918 | I140: -0.482495 | J140: -5.82167

Sheet 1m - Barrage J4
A1: Message Number | B1: Subcarrier Spacing | C1: Symbol time | D1: Subcarriers (FFT) | E1: CP length | F1: Average Recieved Power (mW) | G1: Threshold | H1: SNR | I1: Average Signal Power 2 | J1: Average Noise Power
A2: 1 | B2: 488.281 | C2: 0.002048 | D2: 512 | E2: 64 | F2: 256.395 | G2: 1 | H2: -2.2145 | I2: -9.04361 | J2: -6.82911
A3: =A2+1 -> 2 | B3: 488.281 | C3: 0.002048 | D3: 512 | E3: 64 | F3: 257.277 | G3: 1 | H3: -2.12336 | I3: -7.98189 | J3: -5.85853
A4: =A3+1 -> 3 | B4: 488.281 | C4: 0.002048 | D4: 512 | E4: 64 | F4: 243.42 | G4: 1 | H4: -1.84309 | I4: -6.58597 | J4: -4.74288
A5: =A4+1 -> 4 | B5: 244.141 | C5: 0.004096 | D5: 1024 | E5: 64 | F5: 222.129 | G5: 1 | H5: -1.55179 | I5: -5.70546 | J5: -4.15367
A6: =A5+1 -> 5 | B6: 244.141 | C6: 0.004096 | D6: 1024 | E6: 64 | F6: 237.885 | G6: 1 | H6: -1.2705 | I6: -5.04365 | J6: -3.77315
A7: =A6+1 -> 6 | B7: 488.281 | C7: 0.002048 | D7: 512 | E7: 64 | F7: 241.103 | G7: 1 | H7: -1.14456 | I7: -4.77405 | J7: -3.62949
A8: =A7+1 -> 7 | B8: 488.281 | C8: 0.002048 | D8: 512 | E8: 64 | F8: 246.707 | G8: 1 | H8: -0.917894 | I8: -4.32087 | J8: -3.40298
A9: =A8+1 -> 8 | B9: 488.281 | C9: 0.002048 | D9: 512 | E9: 64 | F9: 260.184 | G9: 1 | H9: -0.729973 | I9: -3.95306 | J9: -3.22309
A10: =A9+1 -> 9 | B10: 244.141 | C10: 0.004096 | D10: 1024 | E10: 64 | F10: 256.456 | G10: 1 | H10: -0.644212 | I10: -3.79456 | J10: -3.15035
A11: =A10+1 -> 10 | B11: 244.141 | C11: 0.004096 | D11: 1024 | E11: 64 | F11: 261.475 | G11: 1 | H11: -0.490612 | I11: -3.49406 | J11: -3.00345
A12: =A11+1 -> 11 | B12: 488.281 | C12: 0.002048 | D12: 512 | E12: 32 | F12: 298.451 | G12: 1 | H12: -0.331818 | I12: -3.23242 | J12: -2.9006
A13: =A12+1 -> 12 | B13: 488.281 | C13: 0.002048 | D13: 512 | E13: 64 | F13: 261.936 | G13: 1 | H13: -0.148683 | I13: -3.03576 | J13: -2.88707
A14: =A13+1 -> 13 | B14: 244.141 | C14: 0.004096 | D14: 1024 | E14: 64 | F14: 232.493 | G14: 1 | H14: -0.0557264 | I14: -2.954 | J14: -2.89827
... A142: =A141+1 -> 141 | B142: 976.562 | C142: 0.001024 | D142: 256 | E142: 16 | F142: 229.325 | G142: 1 | H142: 5.32767 | I142: -0.555593 | J142: -5.88327

Sheet 1m - Barrage J5
A1: Message Number | B1: Subcarrier Spacing | C1: Symbol time | D1: Subcarriers (FFT) | E1: CP length | F1: Average Recieved Power (mW) | G1: Threshold | H1: SNR | I1: Average Signal Power 2 | J1: Average Noise Power
A2: 1 | B2: 488.281 | C2: 0.002048 | D2: 512 | E2: 64 | F2: 264.39 | G2: 1 | H2: -2.17547 | I2: -9.13881 | J2: -6.96335
A3: =A2+1 -> 2 | B3: 1953.12 | C3: 0.000512 | D3: 128 | E3: 4 | F3: 252.547 | G3: 1 | H3: -2.09197 | I3: -8.06545 | J3: -5.97348
A4: =A3+1 -> 3 | B4: 244.141 | C4: 0.004096 | D4: 1024 | E4: 64 | F4: 248.999 | G4: 1 | H4: -1.8234 | I4: -6.68608 | J4: -4.86268
A5: =A4+1 -> 4 | B5: 488.281 | C5: 0.002048 | D5: 512 | E5: 64 | F5: 233.062 | G5: 1 | H5: -1.53278 | I5: -5.76351 | J5: -4.23074
A6: =A5+1 -> 5 | B6: 488.281 | C6: 0.002048 | D6: 512 | E6: 64 | F6: 237.527 | G6: 1 | H6: -1.25929 | I6: -5.10104 | J6: -3.84175
A7: =A6+1 -> 6 | B7: 7812.5 | C7: 0.000128 | D7: 32 | E7: 64 | F7: 243.012 | G7: 1 | H7: -1.14259 | I7: -4.84727 | J7: -3.70469
A8: =A7+1 -> 7 | B8: 244.141 | C8: 0.004096 | D8: 1024 | E8: 64 | F8: 246.49 | G8: 1 | H8: -0.919504 | I8: -4.39191 | J8: -3.4724
A9: =A8+1 -> 8 | B9: 244.141 | C9: 0.004096 | D9: 1024 | E9: 64 | F9: 239.114 | G9: 1 | H9: -0.728169 | I9: -4.03389 | J9: -3.30572
A10: =A9+1 -> 9 | B10: 488.281 | C10: 0.002048 | D10: 512 | E10: 32 | F10: 247.991 | G10: 1 | H10: -0.644045 | I10: -3.87794 | J10: -3.23389
A11: =A10+1 -> 10 | B11: 488.281 | C11: 0.002048 | D11: 512 | E11: 64 | F11: 241.855 | G11: 1 | H11: -0.490761 | I11: -3.58516 | J11: -3.0944
A12: =A11+1 -> 11 | B12: 244.141 | C12: 0.004096 | D12: 1024 | E12: 64 | F12: 294 | G12: 1 | H12: -0.335516 | I12: -3.31749 | J12: -2.98198
A13: =A12+1 -> 12 | B13: 488.281 | C13: 0.002048 | D13: 512 | E13: 64 | F13: 253.641 | G13: 1 | H13: -0.161481 | I13: -3.12239 | J13: -2.96091
A14: =A13+1 -> 13 | B14: 976.562 | C14: 0.001024 | D14: 256 | E14: 64 | F14: 233.277 | G14: 1 | H14: -0.0689848 | I14: -3.0393 | J14: -2.97031
... A142: =A141+1 -> 141 | B142: 488.281 | C142: 0.002048 | D142: 512 | E142: 64 | F142: 244.914 | G142: 1 | H142: 5.22926 | I142: -0.598432 | J142: -5.8277

Sheet 1m - Barrage J6
A1: Message Number | B1: Subcarrier Spacing | C1: Symbol time | D1: Subcarriers (FFT) | E1: CP length | F1: Average Recieved Power (mW) | G1: Threshold | H1: SNR | I1: Average Signal Power 2 | J1: Average Noise Power
A2: 1 | B2: 488.281 | C2: 0.002048 | D2: 512 | E2: 64 | F2: 282.678 | G2: 1 | H2: -2.42686 | I2: -8.85016 | J2: -6.4233
A3: =A2+1 -> 2 | B3: 244.141 | C3: 0.004096 | D3: 1024 | E3: 64 | F3: 269.506 | G3: 1 | H3: -2.31952 | I3: -7.78302 | J3: -5.4635
A4: =A3+1 -> 3 | B4: 1953.12 | C4: 0.000512 | D4: 128 | E4: 64 | F4: 261.242 | G4: 1 | H4: -2.00907 | I4: -6.40965 | J4: -4.40059
A5: =A4+1 -> 4 | B5: 488.281 | C5: 0.002048 | D5: 512 | E5: 64 | F5: 245.6 | G5: 1 | H5: -1.68002 | I5: -5.53426 | J5: -3.85425
A6: =A5+1 -> 5 | B6: 488.281 | C6: 0.002048 | D6: 512 | E6: 64 | F6: 247.495 | G6: 1 | H6: -1.37955 | I6: -4.90122 | J6: -3.52166
A7: =A6+1 -> 6 | B7: 1953.12 | C7: 0.000512 | D7: 128 | E7: 32 | F7: 241.861 | G7: 1 | H7: -1.24384 | I7: -4.6496 | J7: -3.40576
A8: =A7+1 -> 7 | B8: 488.281 | C8: 0.002048 | D8: 512 | E8: 64 | F8: 243.794 | G8: 1 | H8: -1.00571 | I8: -4.22343 | J8: -3.21772
A9: =A8+1 -> 8 | B9: 488.281 | C9: 0.002048 | D9: 512 | E9: 64 | F9: 256.146 | G9: 1 | H9: -0.8177 | I9: -3.86287 | J9: -3.04517
A10: =A9+1 -> 9 | B10: 488.281 | C10: 0.002048 | D10: 512 | E10: 64 | F10: 270.266 | G10: 1 | H10: -0.735778 | I10: -3.69814 | J10: -2.96236
A11: =A10+1 -> 10 | B11: 488.281 | C11: 0.002048 | D11: 512 | E11: 64 | F11: 273.859 | G11: 1 | H11: -0.579552 | I11: -3.39153 | J11: -2.81198
A12: =A11+1 -> 11 | B12: 488.281 | C12: 0.002048 | D12: 512 | E12: 64 | F12: 298.838 | G12: 1 | H12: -0.408995 | I12: -3.14066 | J12: -2.73167
A13: =A12+1 -> 12 | B13: 1953.12 | C13: 0.000512 | D13: 128 | E13: 32 | F13: 259.678 | G13: 1 | H13: -0.220552 | I13: -2.95302 | J13: -2.73247
A14: =A13+1 -> 13 | B14: 244.141 | C14: 0.004096 | D14: 1024 | E14: 64 | F14: 235.221 | G14: 1 | H14: -0.124697 | I14: -2.87403 | J14: -2.74933
... A145: =A144+1 -> 144 | B145: 488.281 | C145: 0.002048 | D145: 512 | E145: 64 | F145: 254.186 | G145: 1 | H145: 5.42428 | I145: -0.466193 | J145: -5.89048

Sheet 1m - Barrage J7
A1: Message Number | B1: Subcarrier Spacing | C1: Symbol time | D1: Subcarriers (FFT) | E1: CP length | F1: Average Recieved Power (mW) | G1: Threshold | H1: SNR | I1: Average Signal Power 2 | J1: Average Noise Power
A2: 1 | B2: 488.281 | C2: 0.002048 | D2: 512 | E2: 64 | F2: 139.198 | G2: 1 | H2: -2.08803 | I2: -13.4081 | J2: -11.32
A3: =A2+1 -> 2 | B3: 488.281 | C3: 0.002048 | D3: 512 | E3: 64 | F3: 268.804 | G3: 1 | H3: -2.3108 | I3: -9.15656 | J3: -6.84577
A4: =A3+1 -> 3 | B4: 976.562 | C4: 0.001024 | D4: 256 | E4: 64 | F4: 249.393 | G4: 1 | H4: -2.1855 | I4: -8.10778 | J4: -5.92227
A5: =A4+1 -> 4 | B5: 244.141 | C5: 0.004096 | D5: 1024 | E5: 64 | F5: 233.473 | G5: 1 | H5: -1.86731 | I5: -6.74508 | J5: -4.87777
A6: =A5+1 -> 5 | B6: 244.141 | C6: 0.004096 | D6: 1024 | E6: 64 | F6: 230.281 | G6: 1 | H6: -1.5585 | I6: -5.82995 | J6: -4.27146
A7: =A6+1 -> 6 | B7: 244.141 | C7: 0.004096 | D7: 1024 | E7: 64 | F7: 240.997 | G7: 1 | H7: -1.28501 | I7: -5.14194 | J7: -3.85693
A8: =A7+1 -> 7 | B8: 488.281 | C8: 0.002048 | D8: 512 | E8: 64 | F8: 250.411 | G8: 1 | H8: -1.16471 | I8: -4.85575 | J8: -3.69104
A9: =A8+1 -> 8 | B9: 244.141 | C9: 0.004096 | D9: 1024 | E9: 64 | F9: 256.533 | G9: 1 | H9: -0.954732 | I9: -4.36366 | J9: -3.40893
A10: =A9+1 -> 9 | B10: 976.562 | C10: 0.001024 | D10: 256 | E10: 64 | F10: 284.634 | G10: 1 | H10: -0.78771 | I10: -3.94711 | J10: -3.1594
A11: =A10+1 -> 10 | B11: 488.281 | C11: 0.002048 | D11: 512 | E11: 64 | F11: 289.973 | G11: 1 | H11: -0.71276 | I11: -3.7855 | J11: -3.07274
A12: =A11+1 -> 11 | B12: 244.141 | C12: 0.004096 | D12: 1024 | E12: 64 | F12: 280.381 | G12: 1 | H12: -0.550637 | I12: -3.48134 | J12: -2.9307
A13: =A12+1 -> 12 | B13: 488.281 | C13: 0.002048 | D13: 512 | E13: 64 | F13: 286.036 | G13: 1 | H13: -0.385462 | I13: -3.23231 | J13: -2.84685
A14: =A13+1 -> 13 | B14: 244.141 | C14: 0.004096 | D14: 1024 | E14: 64 | F14: 271.701 | G14: 1 | H14: -0.199141 | I14: -3.02225 | J14: -2.82311
... A143: =A142+1 -> 142 | B143: 244.141 | C143: 0.004096 | D143: 1024 | E143: 64 | F143: 261.675 | G143: 1 | H143: 5.23018 | I143: -0.612475 | J143: -5.84266

Sheet 1m - Barrage J8
A1: Message Number | B1: Subcarrier Spacing | C1: Symbol time | D1: Subcarriers (FFT) | E1: CP length | F1: Average Recieved Power (mW) | G1: Threshold | H1: SNR | I1: Average Signal Power 2 | J1: Average Noise Power
A2: 1 | B2: 976.562 | C2: 0.001024 | D2: 256 | E2: 64 | F2: 248.208 | G2: 1 | H2: 7.99095 | I2: -0.151708 | J2: -8.14266
A3: =A2+1 -> 2 | B3: 488.281 | C3: 0.002048 | D3: 512 | E3: 64 | F3: 228.274 | G3: 1 | H3: 7.92064 | I3: -0.279867 | J3: -8.2005
A4: =A3+1 -> 3 | B4: 244.141 | C4: 0.004096 | D4: 1024 | E4: 64 | F4: 214.343 | G4: 1 | H4: 7.73039 | I4: -0.351057 | J4: -8.08145
A5: =A4+1 -> 4 | B5: 244.141 | C5: 0.004096 | D5: 1024 | E5: 64 | F5: 202.757 | G5: 1 | H5: 7.7876 | I5: -0.417519 | J5: -8.20512
A6: =A5+1 -> 5 | B6: 976.562 | C6: 0.001024 | D6: 256 | E6: 64 | F6: 217.543 | G6: 1 | H6: 7.69221 | I6: -0.462749 | J6: -8.15496
A7: =A6+1 -> 6 | B7: 244.141 | C7: 0.004096 | D7: 1024 | E7: 64 | F7: 182.413 | G7: 1 | H7: 7.78904 | I7: -0.454098 | J7: -8.24313
A8: =A7+1 -> 7 | B8: 976.562 | C8: 0.001024 | D8: 256 | E8: 16 | F8: 247.904 | G8: 1 | H8: 7.83296 | I8: -0.425684 | J8: -8.25865
A9: =A8+1 -> 8 | B9: 976.562 | C9: 0.001024 | D9: 256 | E9: 32 | F9: 256.059 | G9: 1 | H9: 7.77021 | I9: -0.40602 | J9: -8.17623
A10: =A9+1 -> 9 | B10: 488.281 | C10: 0.002048 | D10: 512 | E10: 64 | F10: 269.436 | G10: 1 | H10: 7.76632 | I10: -0.386965 | J10: -8.15329
A11: =A10+1 -> 10 | B11: 488.281 | C11: 0.002048 | D11: 512 | E11: 64 | F11: 244.565 | G11: 1 | H11: 7.78845 | I11: -0.385973 | J11: -8.17442
A12: =A11+1 -> 11 | B12: 488.281 | C12: 0.002048 | D12: 512 | E12: 64 | F12: 213.839 | G12: 1 | H12: 7.67183 | I12: -0.410757 | J12: -8.08258
A13: =A12+1 -> 12 | B13: 488.281 | C13: 0.002048 | D13: 512 | E13: 64 | F13: 244.515 | G13: 1 | H13: 7.58943 | I13: -0.417287 | J13: -8.00671
A14: =A13+1 -> 13 | B14: 244.141 | C14: 0.004096 | D14: 1024 | E14: 64 | F14: 233.678 | G14: 1 | H14: 7.59446 | I14: -0.418981 | J14: -8.01344
... A151: =A150+1 -> 150 | B151: 488.281 | C151: 0.002048 | D151: 512 | E151: 64 | F151: 181.366 | G151: 1 | H151: 4.24621 | I151: -1.51246 | J151: -5.75867

Sheet 1m - Tone J1
A1: Message Number | B1: Subcarrier Spacing | C1: Symbol time | D1: Subcarriers (FFT) | E1: CP length | F1: Average Recieved Power (mW) | G1: Threshold | H1: SNR | I1: Average Signal Power 2 | J1: Average Noise Power
A2: 1 | B2: 488.281 | C2: 0.002048 | D2: 512 | E2: 64 | F2: 334.022 | G2: 1 | H2: -2.60642 | I2: -8.49087 | J2: -5.88444
A3: =A2+1 -> 2 | B3: 1953.12 | C3: 0.000512 | D3: 128 | E3: 16 | F3: 328.57 | G3: 1 | H3: -2.46356 | I3: -7.45558 | J3: -4.99201
A4: =A3+1 -> 3 | B4: 488.281 | C4: 0.002048 | D4: 512 | E4: 64 | F4: 286.375 | G4: 1 | H4: -2.09925 | I4: -6.12347 | J4: -4.02421
A5: =A4+1 -> 4 | B5: 488.281 | C5: 0.002048 | D5: 512 | E5: 64 | F5: 261.01 | G5: 1 | H5: -1.72182 | I5: -5.28462 | J5: -3.5628
A6: =A5+1 -> 5 | B6: 488.281 | C6: 0.002048 | D6: 512 | E6: 64 | F6: 245.356 | G6: 1 | H6: -1.38339 | I6: -4.68736 | J6: -3.30398
A7: =A6+1 -> 6 | B7: 488.281 | C7: 0.002048 | D7: 512 | E7: 64 | F7: 261.494 | G7: 1 | H7: -1.23891 | I7: -4.42438 | J7: -3.18547
A8: =A7+1 -> 7 | B8: 976.562 | C8: 0.001024 | D8: 256 | E8: 64 | F8: 268.131 | G8: 1 | H8: -0.989034 | I8: -3.96924 | J8: -2.9802
A9: =A8+1 -> 8 | B9: 488.281 | C9: 0.002048 | D9: 512 | E9: 64 | F9: 320.177 | G9: 1 | H9: -0.809462 | I9: -3.56349 | J9: -2.75402
A10: =A9+1 -> 9 | B10: 488.281 | C10: 0.002048 | D10: 512 | E10: 64 | F10: 336.986 | G10: 1 | H10: -0.739416 | I10: -3.37691 | J10: -2.6375
A11: =A10+1 -> 10 | B11: 488.281 | C11: 0.002048 | D11: 512 | E11: 64 | F11: 355.349 | G11: 1 | H11: -0.596021 | I11: -3.05545 | J11: -2.45943
A12: =A11+1 -> 11 | B12: 488.281 | C12: 0.002048 | D12: 512 | E12: 64 | F12: 329.638 | G12: 1 | H12: -0.420937 | I12: -2.80044 | J12: -2.3795
A13: =A12+1 -> 12 | B13: 488.281 | C13: 0.002048 | D13: 512 | E13: 64 | F13: 293.428 | G13: 1 | H13: -0.216993 | I13: -2.59915 | J13: -2.38215
A14: =A13+1 -> 13 | B14: 488.281 | C14: 0.002048 | D14: 512 | E14: 64 | F14: 270.269 | G14: 1 | H14: -0.109213 | I14: -2.51729 | J14: -2.40807
... A140: =A139+1 -> 139 | B140: 488.281 | C140: 0.002048 | D140: 512 | E140: 64 | F140: 363.171 | G140: 1 | H140: 6.4232 | I140: -0.134987 | J140: -6.55818

Sheet 1m - Tone J2
A1: Message Number | B1: Subcarrier Spacing | C1: Symbol time | D1: Subcarriers (FFT) | E1: CP length | F1: Average Recieved Power (mW) | G1: Threshold | H1: SNR | I1: Average Signal Power 2 | J1: Average Noise Power
A2: 1 | B2: 488.281 | C2: 0.002048 | D2: 512 | E2: 64 | F2: 378.663 | G2: 1 | H2: -2.78762 | I2: -8.22215 | J2: -5.43453
A3: =A2+1 -> 2 | B3: 1953.12 | C3: 0.000512 | D3: 128 | E3: 16 | F3: 327.043 | G3: 1 | H3: -2.62203 | I3: -7.20622 | J3: -4.58419
A4: =A3+1 -> 3 | B4: 244.141 | C4: 0.004096 | D4: 1024 | E4: 64 | F4: 288.841 | G4: 1 | H4: -2.22902 | I4: -5.90443 | J4: -3.6754
A5: =A4+1 -> 4 | B5: 488.281 | C5: 0.002048 | D5: 512 | E5: 64 | F5: 259.936 | G5: 1 | H5: -1.83518 | I5: -5.08663 | J5: -3.25145
A6: =A5+1 -> 5 | B6: 488.281 | C6: 0.002048 | D6: 512 | E6: 64 | F6: 260.452 | G6: 1 | H6: -1.48245 | I6: -4.49465 | J6: -3.0122
A7: =A6+1 -> 6 | B7: 488.281 | C7: 0.002048 | D7: 512 | E7: 64 | F7: 266.692 | G7: 1 | H7: -1.32717 | I7: -4.24491 | J7: -2.91774
A8: =A7+1 -> 7 | B8: 488.281 | C8: 0.002048 | D8: 512 | E8: 64 | F8: 283.033 | G8: 1 | H8: -1.06278 | I8: -3.79918 | J8: -2.73639
A9: =A8+1 -> 8 | B9: 244.141 | C9: 0.004096 | D9: 1024 | E9: 64 | F9: 322.597 | G9: 1 | H9: -0.8753 | I9: -3.39043 | J9: -2.51513
A10: =A9+1 -> 9 | B10: 488.281 | C10: 0.002048 | D10: 512 | E10: 64 | F10: 387.976 | G10: 1 | H10: -0.804893 | I10: -3.19924 | J10: -2.39434
A11: =A10+1 -> 10 | B11: 244.141 | C11: 0.004096 | D11: 1024 | E11: 64 | F11: 378.416 | G11: 1 | H11: -0.651013 | I11: -2.8736 | J11: -2.22259
A12: =A11+1 -> 11 | B12: 1953.12 | C12: 0.000512 | D12: 128 | E12: 16 | F12: 345.905 | G12: 1 | H12: -0.465221 | I12: -2.6179 | J12: -2.15268
A13: =A12+1 -> 12 | B13: 244.141 | C13: 0.004096 | D13: 1024 | E13: 64 | F13: 326.204 | G13: 1 | H13: -0.253836 | I13: -2.41957 | J13: -2.16574
A14: =A13+1 -> 13 | B14: 488.281 | C14: 0.002048 | D14: 512 | E14: 64 | F14: 284.999 | G14: 1 | H14: -0.143265 | I14: -2.34042 | J14: -2.19716
... A140: =A139+1 -> 139 | B140: 976.562 | C140: 0.001024 | D140: 256 | E140: 64 | F140: 375.327 | G140: 1 | H140: 6.82917 | I140: 0.0074788 | J140: -6.82169

Sheet 1m - Tone J3
A1: Message Number | B1: Subcarrier Spacing | C1: Symbol time | D1: Subcarriers (FFT) | E1: CP length | F1: Average Recieved Power (mW) | G1: Threshold | H1: SNR | I1: Average Signal Power 2 | J1: Average Noise Power
A2: 1 | B2: 488.281 | C2: 0.002048 | D2: 512 | E2: 64 | F2: 347.643 | G2: 1 | H2: -2.63369 | I2: -8.39041 | J2: -5.75673
A3: =A2+1 -> 2 | B3: 976.562 | C3: 0.001024 | D3: 256 | E3: 64 | F3: 324.215 | G3: 1 | H3: -2.48098 | I3: -7.40621 | J3: -4.92522
A4: =A3+1 -> 3 | B4: 244.141 | C4: 0.004096 | D4: 1024 | E4: 64 | F4: 293.313 | G4: 1 | H4: -2.10098 | I4: -6.07294 | J4: -3.97196
A5: =A4+1 -> 4 | B5: 244.141 | C5: 0.004096 | D5: 1024 | E5: 64 | F5: 271.017 | G5: 1 | H5: -1.73005 | I5: -5.2198 | J5: -3.48975
A6: =A5+1 -> 5 | B6: 244.141 | C6: 0.004096 | D6: 1024 | E6: 64 | F6: 259.543 | G6: 1 | H6: -1.39958 | I6: -4.60747 | J6: -3.20789
A7: =A6+1 -> 6 | B7: 244.141 | C7: 0.004096 | D7: 1024 | E7: 64 | F7: 272.466 | G7: 1 | H7: -1.25762 | I7: -4.34397 | J7: -3.08635
A8: =A7+1 -> 7 | B8: 488.281 | C8: 0.002048 | D8: 512 | E8: 64 | F8: 283.373 | G8: 1 | H8: -1.0061 | I8: -3.8843 | J8: -2.8782
A9: =A8+1 -> 8 | B9: 244.141 | C9: 0.004096 | D9: 1024 | E9: 64 | F9: 307.254 | G9: 1 | H9: -0.813506 | I9: -3.48097 | J9: -2.66746
A10: =A9+1 -> 9 | B10: 244.141 | C10: 0.004096 | D10: 1024 | E10: 64 | F10: 331.138 | G10: 1 | H10: -0.733504 | I10: -3.29592 | J10: -2.56242
A11: =A10+1 -> 10 | B11: 244.141 | C11: 0.004096 | D11: 1024 | E11: 64 | F11: 362.357 | G11: 1 | H11: -0.561038 | I11: -2.99602 | J11: -2.43498
A12: =A11+1 -> 11 | B12: 244.141 | C12: 0.004096 | D12: 1024 | E12: 64 | F12: 333.857 | G12: 1 | H12: -0.362217 | I12: -2.74826 | J12: -2.38604
A13: =A12+1 -> 12 | B13: 244.141 | C13: 0.004096 | D13: 1024 | E13: 64 | F13: 292.854 | G13: 1 | H13: -0.146817 | I13: -2.55462 | J13: -2.40781
A14: =A13+1 -> 13 | B14: 244.141 | C14: 0.004096 | D14: 1024 | E14: 64 | F14: 278.234 | G14: 1 | H14: -0.0382649 | I14: -2.47211 | J14: -2.43384
... A142: =A141+1 -> 141 | B142: 244.141 | C142: 0.004096 | D142: 1024 | E142: 64 | F142: 293.77 | G142: 1 | H142: 6.44696 | I142: -0.125689 | J142: -6.57265

Sheet 1m - Tone J4
A1: Message Number | B1: Subcarrier Spacing | C1: Symbol time | D1: Subcarriers (FFT) | E1: CP length | F1: Average Recieved Power (mW) | G1: Threshold | H1: SNR | I1: Average Signal Power 2 | J1: Average Noise Power
A2: 1 | B2: 488.281 | C2: 0.002048 | D2: 512 | E2: 64 | F2: 307.892 | G2: 1 | H2: -2.33441 | I2: -8.70157 | J2: -6.36716
A3: =A2+1 -> 2 | B3: 15625 | C3: 6.4e-05 | D3: 16 | E3: 64 | F3: 261.488 | G3: 1 | H3: -2.21638 | I3: -7.63014 | J3: -5.41375
A4: =A3+1 -> 3 | B4: 15625 | C4: 6.4e-05 | D4: 16 | E4: 64 | F4: 274.449 | G4: 1 | H4: -1.90496 | I4: -6.23911 | J4: -4.33416
A5: =A4+1 -> 4 | B5: 488.281 | C5: 0.002048 | D5: 512 | E5: 32 | F5: 271.435 | G5: 1 | H5: -1.57724 | I5: -5.34662 | J5: -3.76939
A6: =A5+1 -> 5 | B6: 488.281 | C6: 0.002048 | D6: 512 | E6: 64 | F6: 243.062 | G6: 1 | H6: -1.27998 | I6: -4.72804 | J6: -3.44806
A7: =A6+1 -> 6 | B7: 244.141 | C7: 0.004096 | D7: 1024 | E7: 64 | F7: 269.79 | G7: 1 | H7: -1.14131 | I7: -4.45693 | J7: -3.31562
A8: =A7+1 -> 7 | B8: 488.281 | C8: 0.002048 | D8: 512 | E8: 64 | F8: 270.182 | G8: 1 | H8: -0.890395 | I8: -3.99919 | J8: -3.1088
A9: =A8+1 -> 8 | B9: 488.281 | C9: 0.002048 | D9: 512 | E9: 64 | F9: 279.734 | G9: 1 | H9: -0.665401 | I9: -3.62557 | J9: -2.96017
A10: =A9+1 -> 9 | B10: 488.281 | C10: 0.002048 | D10: 512 | E10: 64 | F10: 272.345 | G10: 1 | H10: -0.55781 | I10: -3.46078 | J10: -2.90297
A11: =A10+1 -> 10 | B11: 976.562 | C11: 0.001024 | D11: 256 | E11: 64 | F11: 283.278 | G11: 1 | H11: -0.343597 | I11: -3.20177 | J11: -2.85817
A12: =A11+1 -> 11 | B12: 15625 | C12: 6.4e-05 | D12: 16 | E12: 32 | F12: 248.112 | G12: 1 | H12: -0.119416 | I12: -2.99147 | J12: -2.87206
A13: =A12+1 -> 12 | B13: 488.281 | C13: 0.002048 | D13: 512 | E13: 64 | F13: 227.669 | G13: 1 | H13: 0.0967892 | I13: -2.83313 | J13: -2.92992
A14: =A13+1 -> 13 | B14: 244.141 | C14: 0.004096 | D14: 1024 | E14: 64 | F14: 239.861 | G14: 1 | H14: 0.203982 | I14: -2.75248 | J14: -2.95646
... A140: =A139+1 -> 139 | B140: 244.141 | C140: 0.004096 | D140: 1024 | E140: 64 | F140: 330.463 | G140: 1 | H140: 6.80325 | I140: -0.323029 | J140: -7.12628

Sheet 1m - Tone J5
A1: Message Number | B1: Subcarrier Spacing | C1: Symbol time | D1: Subcarriers (FFT) | E1: CP length | F1: Average Recieved Power (mW) | G1: Threshold | H1: SNR | I1: Average Signal Power 2 | J1: Average Noise Power
A2: 1 | B2: 488.281 | C2: 0.002048 | D2: 512 | E2: 64 | F2: 152.609 | G2: 1 | H2: -2.25731 | I2: -13.1032 | J2: -10.8458
A3: =A2+1 -> 2 | B3: 488.281 | C3: 0.002048 | D3: 512 | E3: 64 | F3: 298.824 | G3: 1 | H3: -2.46731 | I3: -8.64343 | J3: -6.17611
A4: =A3+1 -> 3 | B4: 15625 | C4: 6.4e-05 | D4: 16 | E4: 64 | F4: 293.504 | G4: 1 | H4: -2.3188 | I4: -7.59508 | J4: -5.27629
A5: =A4+1 -> 4 | B5: 488.281 | C5: 0.002048 | D5: 512 | E5: 64 | F5: 270.023 | G5: 1 | H5: -1.96313 | I5: -6.24696 | J5: -4.28384
A6: =A5+1 -> 5 | B6: 488.281 | C6: 0.002048 | D6: 512 | E6: 64 | F6: 266.343 | G6: 1 | H6: -1.61604 | I6: -5.37086 | J6: -3.75482
A7: =A6+1 -> 6 | B7: 244.141 | C7: 0.004096 | D7: 1024 | E7: 64 | F7: 247.701 | G7: 1 | H7: -1.29653 | I7: -4.73537 | J7: -3.43884
A8: =A7+1 -> 7 | B8: 488.281 | C8: 0.002048 | D8: 512 | E8: 64 | F8: 256.359 | G8: 1 | H8: -1.15381 | I8: -4.47311 | J8: -3.31929
A9: =A8+1 -> 8 | B9: 488.281 | C9: 0.002048 | D9: 512 | E9: 64 | F9: 221.739 | G9: 1 | H9: -0.909478 | I9: -4.02564 | J9: -3.11616
A10: =A9+1 -> 9 | B10: 15625 | C10: 6.4e-05 | D10: 16 | E10: 64 | F10: 296.237 | G10: 1 | H10: -0.703181 | I10: -3.63133 | J10: -2.92815
A11: =A10+1 -> 10 | B11: 488.281 | C11: 0.002048 | D11: 512 | E11: 64 | F11: 299.519 | G11: 1 | H11: -0.612632 | I11: -3.45658 | J11: -2.84395
A12: =A11+1 -> 11 | B12: 488.281 | C12: 0.002048 | D12: 512 | E12: 64 | F12: 328.087 | G12: 1 | H12: -0.442589 | I12: -3.14239 | J12: -2.6998
A13: =A12+1 -> 12 | B13: 488.281 | C13: 0.002048 | D13: 512 | E13: 64 | F13: 313.862 | G13: 1 | H13: -0.249194 | I13: -2.89186 | J13: -2.64267
A14: =A13+1 -> 13 | B14: 488.281 | C14: 0.002048 | D14: 512 | E14: 64 | F14: 289.24 | G14: 1 | H14: -0.0431082 | I14: -2.69058 | J14: -2.64747
... A141: =A140+1 -> 140 | B141: 488.281 | C141: 0.002048 | D141: 512 | E141: 64 | F141: 315.181 | G141: 1 | H141: 6.83084 | I141: -0.212867 | J141: -7.04371

Sheet 1m - Tone J6
A1: Message Number | B1: Subcarrier Spacing | C1: Symbol time | D1: Subcarriers (FFT) | E1: CP length | F1: Average Recieved Power (mW) | G1: Threshold | H1: SNR | I1: Average Signal Power 2 | J1: Average Noise Power
A2: 1 | B2: 488.281 | C2: 0.002048 | D2: 512 | E2: 64 | F2: 324.451 | G2: 1 | H2: -2.69296 | I2: -9.09279 | J2: -6.39984
A3: =A2+1 -> 2 | B3: 488.281 | C3: 0.002048 | D3: 512 | E3: 64 | F3: 313.166 | G3: 1 | H3: -2.37686 | I3: -6.98959 | J3: -4.61273
A4: =A3+1 -> 3 | B4: 488.281 | C4: 0.002048 | D4: 512 | E4: 64 | F4: 286.846 | G4: 1 | H4: -1.99527 | I4: -5.82232 | J4: -3.82706
A5: =A4+1 -> 4 | B5: 488.281 | C5: 0.002048 | D5: 512 | E5: 64 | F5: 277.675 | G5: 1 | H5: -1.80909 | I5: -5.40077 | J5: -3.59167
A6: =A5+1 -> 5 | B6: 244.141 | C6: 0.004096 | D6: 1024 | E6: 64 | F6: 264.828 | G6: 1 | H6: -1.4612 | I6: -4.74426 | J6: -3.28306
A7: =A6+1 -> 6 | B7: 488.281 | C7: 0.002048 | D7: 512 | E7: 64 | F7: 266.051 | G7: 1 | H7: -1.17354 | I7: -4.23069 | J7: -3.05715
A8: =A7+1 -> 7 | B8: 488.281 | C8: 0.002048 | D8: 512 | E8: 64 | F8: 292.085 | G8: 1 | H8: -0.940579 | I8: -3.78442 | J8: -2.84384
A9: =A8+1 -> 8 | B9: 488.281 | C9: 0.002048 | D9: 512 | E9: 64 | F9: 317.522 | G9: 1 | H9: -0.83787 | I9: -3.58951 | J9: -2.75164
A10: =A9+1 -> 9 | B10: 488.281 | C10: 0.002048 | D10: 512 | E10: 64 | F10: 328.663 | G10: 1 | H10: -0.674073 | I10: -3.23653 | J10: -2.56246
A11: =A10+1 -> 10 | B11: 488.281 | C11: 0.002048 | D11: 512 | E11: 64 | F11: 334.897 | G11: 1 | H11: -0.49228 | I11: -2.9337 | J11: -2.44142
A12: =A11+1 -> 11 | B12: 488.281 | C12: 0.002048 | D12: 512 | E12: 64 | F12: 322.544 | G12: 1 | H12: -0.391655 | I12: -2.81112 | J12: -2.41946
A13: =A12+1 -> 12 | B13: 1953.12 | C13: 0.000512 | D13: 128 | E13: 64 | F13: 299.325 | G13: 1 | H13: -0.178132 | I13: -2.60717 | J13: -2.42904
A14: =A13+1 -> 13 | B14: 488.281 | C14: 0.002048 | D14: 512 | E14: 64 | F14: 269.292 | G14: 1 | H14: 0.0397665 | I14: -2.443 | J14: -2.48277
... A141: =A140+1 -> 140 | B141: 15625 | C141: 6.4e-05 | D141: 16 | E141: 32 | F141: 312.629 | G141: 1 | H141: 6.94054 | I141: -0.106736 | J141: -7.04727

Sheet 1m - Tone J7
A1: Message Number | B1: Subcarrier Spacing | C1: Symbol time | D1: Subcarriers (FFT) | E1: CP length | F1: Average Recieved Power (mW) | G1: Threshold | H1: SNR | I1: Average Signal Power 2 | J1: Average Noise Power
A2: 1 | B2: 488.281 | C2: 0.002048 | D2: 512 | E2: 64 | F2: 335.673 | G2: 1 | H2: -2.476 | I2: -8.31859 | J2: -5.84258
A3: =A2+1 -> 2 | B3: 15625 | C3: 6.4e-05 | D3: 16 | E3: 32 | F3: 317.829 | G3: 1 | H3: -2.33842 | I3: -7.3154 | J3: -4.97698
A4: =A3+1 -> 3 | B4: 244.141 | C4: 0.004096 | D4: 1024 | E4: 64 | F4: 277.994 | G4: 1 | H4: -1.98459 | I4: -6.01822 | J4: -4.03363
A5: =A4+1 -> 4 | B5: 244.141 | C5: 0.004096 | D5: 1024 | E5: 64 | F5: 271.028 | G5: 1 | H5: -1.63414 | I5: -5.1723 | J5: -3.53816
A6: =A5+1 -> 5 | B6: 244.141 | C6: 0.004096 | D6: 1024 | E6: 64 | F6: 266.67 | G6: 1 | H6: -1.31278 | I6: -4.55654 | J6: -3.24376
A7: =A6+1 -> 6 | B7: 244.141 | C7: 0.004096 | D7: 1024 | E7: 64 | F7: 263.877 | G7: 1 | H7: -1.16821 | I7: -4.30121 | J7: -3.133
A8: =A7+1 -> 7 | B8: 244.141 | C8: 0.004096 | D8: 1024 | E8: 64 | F8: 283.875 | G8: 1 | H8: -0.921636 | I8: -3.84795 | J8: -2.92632
A9: =A8+1 -> 8 | B9: 244.141 | C9: 0.004096 | D9: 1024 | E9: 64 | F9: 330.998 | G9: 1 | H9: -0.72328 | I9: -3.45757 | J9: -2.73429
A10: =A9+1 -> 9 | B10: 244.141 | C10: 0.004096 | D10: 1024 | E10: 64 | F10: 325.313 | G10: 1 | H10: -0.638463 | I10: -3.28121 | J10: -2.64275
A11: =A10+1 -> 10 | B11: 244.141 | C11: 0.004096 | D11: 1024 | E11: 64 | F11: 321.942 | G11: 1 | H11: -0.45961 | I11: -2.97958 | J11: -2.51997
A12: =A11+1 -> 11 | B12: 15625 | C12: 6.4e-05 | D12: 16 | E12: 32 | F12: 308.922 | G12: 1 | H12: -0.262594 | I12: -2.73414 | J12: -2.47155
A13: =A12+1 -> 12 | B13: 244.141 | C13: 0.004096 | D13: 1024 | E13: 64 | F13: 308.608 | G13: 1 | H13: -0.0508492 | I13: -2.54057 | J13: -2.48972
A14: =A13+1 -> 13 | B14: 244.141 | C14: 0.004096 | D14: 1024 | E14: 64 | F14: 275.261 | G14: 1 | H14: 0.056155 | I14: -2.45946 | J14: -2.51561
... A143: =A142+1 -> 142 | B143: 244.141 | C143: 0.004096 | D143: 1024 | E143: 64 | F143: 278.71 | G143: 1 | H143: 7.14823 | I143: -0.131844 | J143: -7.28008

Sheet 1m - Tone J8
A1: Message Number | B1: Subcarrier Spacing | C1: Symbol time | D1: Subcarriers (FFT) | E1: CP length | F1: Average Recieved Power (mW) | G1: Threshold | H1: SNR | I1: Average Signal Power 2 | J1: Average Noise Power
A2: 1 | B2: 15625 | C2: 6.4e-05 | D2: 16 | E2: 32 | F2: 251.793 | G2: 1 | H2: 10.3163 | I2: 0.0112657 | J2: -10.305
A3: =A2+1 -> 2 | B3: 15625 | C3: 6.4e-05 | D3: 16 | E3: 64 | F3: 260.038 | G3: 1 | H3: 10.6549 | I3: -0.0536945 | J3: -10.7086
A4: =A3+1 -> 3 | B4: 15625 | C4: 6.4e-05 | D4: 16 | E4: 64 | F4: 254.649 | G4: 1 | H4: 11.1457 | I4: -0.0579484 | J4: -11.2037
A5: =A4+1 -> 4 | B5: 15625 | C5: 6.4e-05 | D5: 16 | E5: 64 | F5: 251.775 | G5: 1 | H5: 11.9018 | I5: -0.0687365 | J5: -11.9706
A6: =A5+1 -> 5 | B6: 15625 | C6: 6.4e-05 | D6: 16 | E6: 32 | F6: 253.426 | G6: 1 | H6: 12.2778 | I6: -0.0662101 | J6: -12.344
A7: =A6+1 -> 6 | B7: 244.141 | C7: 0.004096 | D7: 1024 | E7: 64 | F7: 267.739 | G7: 1 | H7: 12.4221 | I7: -0.0572027 | J7: -12.4793
A8: =A7+1 -> 7 | B8: 15625 | C8: 6.4e-05 | D8: 16 | E8: 64 | F8: 283.16 | G8: 1 | H8: 12.2175 | I8: -0.0244513 | J8: -12.242
A9: =A8+1 -> 8 | B9: 244.141 | C9: 0.004096 | D9: 1024 | E9: 64 | F9: 316.293 | G9: 1 | H9: 12.0829 | I9: 0.0313555 | J9: -12.0516
A10: =A9+1 -> 9 | B10: 244.141 | C10: 0.004096 | D10: 1024 | E10: 64 | F10: 338.404 | G10: 1 | H10: 11.943 | I10: 0.0598725 | J10: -11.8831
A11: =A10+1 -> 10 | B11: 15625 | C11: 6.4e-05 | D11: 16 | E11: 64 | F11: 283.829 | G11: 1 | H11: 12.0198 | I11: 0.0642192 | J11: -11.9555
A12: =A11+1 -> 11 | B12: 15625 | C12: 6.4e-05 | D12: 16 | E12: 64 | F12: 268.393 | G12: 1 | H12: 11.9829 | I12: 0.0628537 | J12: -11.92
A13: =A12+1 -> 12 | B13: 15625 | C13: 6.4e-05 | D13: 16 | E13: 32 | F13: 306.864 | G13: 1 | H13: 12.0684 | I13: 0.0863804 | J13: -11.982
A14: =A13+1 -> 13 | B14: 15625 | C14: 6.4e-05 | D14: 16 | E14: 64 | F14: 304.71 | G14: 1 | H14: 12.1395 | I14: 0.0895114 | J14: -12.05
... A151: =A150+1 -> 150 | B151: 15625 | C151: 6.4e-05 | D151: 16 | E151: 64 | F151: 307.008 | G151: 1 | H151: 11.1677 | I151: -0.0274698 | J151: -11.1951

Sheet 1m - Pulse J1
A1: Message Number | B1: Subcarrier Spacing | C1: Symbol time | D1: Subcarriers (FFT) | E1: CP length | F1: Average Recieved Power (mW) | G1: Threshold | H1: SNR | I1: Average Signal Power 2 | J1: Average Noise Power
A2: 1 | B2: 488.281 | C2: 0.002048 | D2: 512 | E2: 64 | F2: 3.77899 | G2: 1 | H2: 8.53549 | I2: -18.4447 | J2: -26.9802
A3: =A2+1 -> 2 | B3: 488.281 | C3: 0.002048 | D3: 512 | E3: 64 | F3: 6.33527 | G3: 1 | H3: 4.72141 | I3: -17.4284 | J3: -22.1498
A4: =A3+1 -> 3 | B4: 1953.12 | C4: 0.000512 | D4: 128 | E4: 16 | F4: 7.10593 | G4: 1 | H4: 4.09231 | I4: -17.0892 | J4: -21.1815
A5: =A4+1 -> 4 | B5: 976.562 | C5: 0.001024 | D5: 256 | E5: 16 | F5: 6.05929 | G5: 1 | H5: 3.28337 | I5: -16.5602 | J5: -19.8436
A6: =A5+1 -> 5 | B6: 976.562 | C6: 0.001024 | D6: 256 | E6: 64 | F6: 5.90437 | G6: 1 | H6: 2.87426 | I6: -16.1563 | J6: -19.0305
A7: =A6+1 -> 6 | B7: 488.281 | C7: 0.002048 | D7: 512 | E7: 32 | F7: 5.78634 | G7: 1 | H7: 2.63814 | I7: -15.8071 | J7: -18.4452
A8: =A7+1 -> 7 | B8: 244.141 | C8: 0.004096 | D8: 1024 | E8: 64 | F8: 6.01674 | G8: 1 | H8: 2.51741 | I8: -15.6669 | J8: -18.1843
A9: =A8+1 -> 8 | B9: 976.562 | C9: 0.001024 | D9: 256 | E9: 32 | F9: 6.23869 | G9: 1 | H9: 2.29008 | I9: -15.4332 | J9: -17.7233
A10: =A9+1 -> 9 | B10: 488.281 | C10: 0.002048 | D10: 512 | E10: 64 | F10: 6.51708 | G10: 1 | H10: 2.07962 | I10: -15.2279 | J10: -17.3075
A11: =A10+1 -> 10 | B11: 488.281 | C11: 0.002048 | D11: 512 | E11: 64 | F11: 7.14505 | G11: 1 | H11: 1.99712 | I11: -15.126 | J11: -17.1231
A12: =A11+1 -> 11 | B12: 976.562 | C12: 0.001024 | D12: 256 | E12: 32 | F12: 7.2291 | G12: 1 | H12: 1.89663 | I12: -14.9859 | J12: -16.8825
A13: =A12+1 -> 12 | B13: 976.562 | C13: 0.001024 | D13: 256 | E13: 64 | F13: 5.02526 | G13: 1 | H13: 1.82849 | I13: -14.9033 | J13: -16.7318
A14: =A13+1 -> 13 | B14: 488.281 | C14: 0.002048 | D14: 512 | E14: 64 | F14: 4.31915 | G14: 1 | H14: 1.80498 | I14: -14.8321 | J14: -16.637
... A142: =A141+1 -> 141 | B142: 976.562 | C142: 0.001024 | D142: 256 | E142: 64 | F142: 4.68091 | G142: 1 | H142: 1.15751 | I142: -13.932 | J142: -15.0896

Sheet 1m - Pulse J2
A1: Message Number | B1: Subcarrier Spacing | C1: Symbol time | D1: Subcarriers (FFT) | E1: CP length | F1: Average Recieved Power (mW) | G1: Threshold | H1: SNR | I1: Average Signal Power 2 | J1: Average Noise Power
A2: 1 | B2: 488.281 | C2: 0.002048 | D2: 512 | E2: 64 | F2: 13.8893 | G2: 1 | H2: 2.57207 | I2: -16.4718 | J2: -19.0438
A3: =A2+1 -> 2 | B3: 1953.12 | C3: 0.000512 | D3: 128 | E3: 64 | F3: 15.0372 | G3: 1 | H3: 2.03725 | I3: -15.8962 | J3: -17.9335
A4: =A3+1 -> 3 | B4: 976.562 | C4: 0.001024 | D4: 256 | E4: 64 | F4: 13.8032 | G4: 1 | H4: 1.54482 | I4: -15.0663 | J4: -16.6111
A5: =A4+1 -> 4 | B5: 976.562 | C5: 0.001024 | D5: 256 | E5: 64 | F5: 12.6817 | G5: 1 | H5: 1.31017 | I5: -14.4643 | J5: -15.7744
A6: =A5+1 -> 5 | B6: 1953.12 | C6: 0.000512 | D6: 128 | E6: 32 | F6: 13.511 | G6: 1 | H6: 1.1679 | I6: -13.9962 | J6: -15.1641
A7: =A6+1 -> 6 | B7: 976.562 | C7: 0.001024 | D7: 256 | E7: 64 | F7: 13.285 | G7: 1 | H7: 1.10525 | I7: -13.8033 | J7: -14.9086
A8: =A7+1 -> 7 | B8: 976.562 | C8: 0.001024 | D8: 256 | E8: 64 | F8: 13.7789 | G8: 1 | H8: 0.979528 | I8: -13.4682 | J8: -14.4478
A9: =A8+1 -> 8 | B9: 488.281 | C9: 0.002048 | D9: 512 | E9: 64 | F9: 14.4293 | G9: 1 | H9: 0.847999 | I9: -13.1783 | J9: -14.0263
A10: =A9+1 -> 9 | B10: 488.281 | C10: 0.002048 | D10: 512 | E10: 64 | F10: 14.9159 | G10: 1 | H10: 0.783797 | I10: -13.0536 | J10: -13.8374
A11: =A10+1 -> 10 | B11: 976.562 | C11: 0.001024 | D11: 256 | E11: 64 | F11: 11.5786 | G11: 1 | H11: 0.754124 | I11: -12.8944 | J11: -13.6485
A12: =A11+1 -> 11 | B12: 976.562 | C12: 0.001024 | D12: 256 | E12: 16 | F12: 8.1248 | G12: 1 | H12: 0.800287 | I12: -12.8141 | J12: -13.6143
A13: =A12+1 -> 12 | B13: 488.281 | C13: 0.002048 | D13: 512 | E13: 64 | F13: 7.52585 | G13: 1 | H13: 0.853364 | I13: -12.7439 | J13: -13.5973
A14: =A13+1 -> 13 | B14: 976.562 | C14: 0.001024 | D14: 256 | E14: 64 | F14: 6.5963 | G14: 1 | H14: 0.888961 | I14: -12.7103 | J14: -13.5993
... A142: =A141+1 -> 141 | B142: 488.281 | C142: 0.002048 | D142: 512 | E142: 64 | F142: 12.2244 | G142: 1 | H142: 0.855025 | I142: -11.4198 | J142: -12.2748

Sheet 1m - Pulse J3
A1: Message Number | B1: Subcarrier Spacing | C1: Symbol time | D1: Subcarriers (FFT) | E1: CP length | F1: Average Recieved Power (mW) | G1: Threshold | H1: SNR | I1: Average Signal Power 2 | J1: Average Noise Power
A2: 1 | B2: 488.281 | C2: 0.002048 | D2: 512 | E2: 64 | F2: 5.27441 | G2: 1 | H2: 6.61353 | I2: -18.5729 | J2: -25.1864
A3: =A2+1 -> 2 | B3: 488.281 | C3: 0.002048 | D3: 512 | E3: 64 | F3: 9.95422 | G3: 1 | H3: 3.23114 | I3: -17.2691 | J3: -20.5002
A4: =A3+1 -> 3 | B4: 488.281 | C4: 0.002048 | D4: 512 | E4: 64 | F4: 9.36298 | G4: 1 | H4: 2.68104 | I4: -16.8348 | J4: -19.5158
A5: =A4+1 -> 4 | B5: 488.281 | C5: 0.002048 | D5: 512 | E5: 64 | F5: 8.69371 | G5: 1 | H5: 2.12455 | I5: -16.1385 | J5: -18.2631
A6: =A5+1 -> 5 | B6: 488.281 | C6: 0.002048 | D6: 512 | E6: 64 | F6: 7.91252 | G6: 1 | H6: 1.83984 | I6: -15.6491 | J6: -17.4889
A7: =A6+1 -> 6 | B7: 244.141 | C7: 0.004096 | D7: 1024 | E7: 64 | F7: 7.94382 | G7: 1 | H7: 1.68621 | I7: -15.2783 | J7: -16.9646
A8: =A7+1 -> 7 | B8: 488.281 | C8: 0.002048 | D8: 512 | E8: 64 | F8: 7.58052 | G8: 1 | H8: 1.60279 | I8: -15.1106 | J8: -16.7134
A9: =A8+1 -> 8 | B9: 488.281 | C9: 0.002048 | D9: 512 | E9: 64 | F9: 8.85035 | G9: 1 | H9: 1.45105 | I9: -14.8333 | J9: -16.2844
A10: =A9+1 -> 9 | B10: 244.141 | C10: 0.004096 | D10: 1024 | E10: 64 | F10: 8.59995 | G10: 1 | H10: 1.30931 | I10: -14.5745 | J10: -15.8838
A11: =A10+1 -> 10 | B11: 488.281 | C11: 0.002048 | D11: 512 | E11: 64 | F11: 9.38924 | G11: 1 | H11: 1.24194 | I11: -14.4718 | J11: -15.7137
A12: =A11+1 -> 11 | B12: 488.281 | C12: 0.002048 | D12: 512 | E12: 64 | F12: 6.26143 | G12: 1 | H12: 1.11366 | I12: -14.257 | J12: -15.3707
A13: =A12+1 -> 12 | B13: 976.562 | C13: 0.001024 | D13: 256 | E13: 64 | F13: 11.2965 | G13: 1 | H13: 0.996344 | I13: -14.0506 | J13: -15.047
A14: =A13+1 -> 13 | B14: 488.281 | C14: 0.002048 | D14: 512 | E14: 64 | F14: 10.3918 | G14: 1 | H14: 0.928589 | I14: -13.878 | J14: -14.8066
... A141: =A140+1 -> 140 | B141: 488.281 | C141: 0.002048 | D141: 512 | E141: 64 | F141: 5.84014 | G141: 1 | H141: 0.776102 | I141: -12.1844 | J141: -12.9605

Sheet 1m - Pulse J4
A1: Message Number | B1: Subcarrier Spacing | C1: Symbol time | D1: Subcarriers (FFT) | E1: CP length | F1: Average Recieved Power (mW) | G1: Threshold | H1: SNR | I1: Average Signal Power 2 | J1: Average Noise Power
A2: 1 | B2: 488.281 | C2: 0.002048 | D2: 512 | E2: 64 | F2: 2.009 | G2: 1 | H2: 8.40281 | I2: -18.9863 | J2: -27.3891
A3: =A2+1 -> 2 | B3: 1953.12 | C3: 0.000512 | D3: 128 | E3: 16 | F3: 1.68262 | G3: 1 | H3: 7.76341 | I3: -18.8314 | J3: -26.5948
A4: =A3+1 -> 3 | B4: 488.281 | C4: 0.002048 | D4: 512 | E4: 64 | F4: 1.41779 | G4: 1 | H4: 6.95616 | I4: -18.5437 | J4: -25.4999
A5: =A4+1 -> 4 | B5: 488.281 | C5: 0.002048 | D5: 512 | E5: 64 | F5: 1.74226 | G5: 1 | H5: 6.15861 | I5: -18.2995 | J5: -24.4581
A6: =A5+1 -> 5 | B6: 488.281 | C6: 0.002048 | D6: 512 | E6: 64 | F6: 2.2827 | G6: 1 | H6: 5.56612 | I6: -17.9992 | J6: -23.5653
A7: =A6+1 -> 6 | B7: 488.281 | C7: 0.002048 | D7: 512 | E7: 64 | F7: 2.35871 | G7: 1 | H7: 5.29759 | I7: -17.898 | J7: -23.1956
A8: =A7+1 -> 7 | B8: 488.281 | C8: 0.002048 | D8: 512 | E8: 64 | F8: 2.32947 | G8: 1 | H8: 4.91108 | I8: -17.7155 | J8: -22.6266
A9: =A8+1 -> 8 | B9: 488.281 | C9: 0.002048 | D9: 512 | E9: 64 | F9: 2.14226 | G9: 1 | H9: 4.66631 | I9: -17.5865 | J9: -22.2528
A10: =A9+1 -> 9 | B10: 488.281 | C10: 0.002048 | D10: 512 | E10: 64 | F10: 1.94388 | G10: 1 | H10: 4.6005 | I10: -17.54 | J10: -22.1405
A11: =A10+1 -> 10 | B11: 488.281 | C11: 0.002048 | D11: 512 | E11: 64 | F11: 1.43832 | G11: 1 | H11: 4.27155 | I11: -17.4161 | J11: -21.6877
A12: =A11+1 -> 11 | B12: 976.562 | C12: 0.001024 | D12: 256 | E12: 64 | F12: 3.66971 | G12: 1 | H12: 3.85925 | I12: -17.298 | J12: -21.1573
A13: =A12+1 -> 12 | B13: 488.281 | C13: 0.002048 | D13: 512 | E13: 64 | F13: 3.26905 | G13: 1 | H13: 3.61499 | I13: -17.183 | J13: -20.798
A14: =A13+1 -> 13 | B14: 488.281 | C14: 0.002048 | D14: 512 | E14: 64 | F14: 2.8342 | G14: 1 | H14: 3.53337 | I14: -17.1463 | J14: -20.6797
... A141: =A140+1 -> 140 | B141: 244.141 | C141: 0.004096 | D141: 1024 | E141: 64 | F141: 5.93208 | G141: 1 | H141: 1.8314 | I141: -15.5783 | J141: -17.4097

Sheet 1m - Pulse J5
A1: Message Number | B1: Subcarrier Spacing | C1: Symbol time | D1: Subcarriers (FFT) | E1: CP length | F1: Average Recieved Power (mW) | G1: Threshold | H1: SNR | I1: Average Signal Power 2 | J1: Average Noise Power
A2: 1 | B2: 244.141 | C2: 0.004096 | D2: 1024 | E2: 64 | F2: 3.68672 | G2: 1 | H2: 6.66104 | I2: -19.1129 | J2: -25.7739
A3: =A2+1 -> 2 | B3: 488.281 | C3: 0.002048 | D3: 512 | E3: 64 | F3: 3.53765 | G3: 1 | H3: 4.56317 | I3: -18.538 | J3: -23.1012
A4: =A3+1 -> 3 | B4: 976.562 | C4: 0.001024 | D4: 256 | E4: 32 | F4: 3.01274 | G4: 1 | H4: 3.85452 | I4: -18.1445 | J4: -21.9991
A5: =A4+1 -> 4 | B5: 488.281 | C5: 0.002048 | D5: 512 | E5: 64 | F5: 2.67566 | G5: 1 | H5: 3.64607 | I5: -17.9712 | J5: -21.6172
A6: =A5+1 -> 5 | B6: 488.281 | C6: 0.002048 | D6: 512 | E6: 64 | F6: 2.51654 | G6: 1 | H6: 3.3751 | I6: -17.6968 | J6: -21.0719
A7: =A6+1 -> 6 | B7: 488.281 | C7: 0.002048 | D7: 512 | E7: 64 | F7: 2.99151 | G7: 1 | H7: 3.12372 | I7: -17.487 | J7: -20.6108
A8: =A7+1 -> 7 | B8: 488.281 | C8: 0.002048 | D8: 512 | E8: 64 | F8: 3.17079 | G8: 1 | H8: 2.86698 | I8: -17.3042 | J8: -20.1712
A9: =A8+1 -> 8 | B9: 488.281 | C9: 0.002048 | D9: 512 | E9: 64 | F9: 3.4971 | G9: 1 | H9: 2.71145 | I9: -17.2147 | J9: -19.9261
A10: =A9+1 -> 9 | B10: 488.281 | C10: 0.002048 | D10: 512 | E10: 64 | F10: 3.94082 | G10: 1 | H10: 2.44668 | I10: -17.0437 | J10: -19.4904
A11: =A10+1 -> 10 | B11: 488.281 | C11: 0.002048 | D11: 512 | E11: 64 | F11: 4.49722 | G11: 1 | H11: 2.24067 | I11: -16.8822 | J11: -19.1228
A12: =A11+1 -> 11 | B12: 488.281 | C12: 0.002048 | D12: 512 | E12: 64 | F12: 4.20723 | G12: 1 | H12: 2.1649 | I12: -16.7993 | J12: -18.9642
A13: =A12+1 -> 12 | B13: 488.281 | C13: 0.002048 | D13: 512 | E13: 64 | F13: 3.6807 | G13: 1 | H13: 2.05413 | I13: -16.6599 | J13: -18.714
A14: =A13+1 -> 13 | B14: 488.281 | C14: 0.002048 | D14: 512 | E14: 64 | F14: 3.54633 | G14: 1 | H14: 2.03468 | I14: -16.5385 | J14: -18.5732
... A142: =A141+1 -> 141 | B142: 244.141 | C142: 0.004096 | D142: 1024 | E142: 64 | F142: 1.63275 | G142: 1 | H142: 1.32005 | I142: -14.9008 | J142: -16.2209

Sheet 1m - Pulse J6
A1: Message Number | B1: Subcarrier Spacing | C1: Symbol time | D1: Subcarriers (FFT) | E1: CP length | F1: Average Recieved Power (mW) | G1: Threshold | H1: SNR | I1: Average Signal Power 2 | J1: Average Noise Power
A2: 1 | B2: 488.281 | C2: 0.002048 | D2: 512 | E2: 64 | F2: 6.40051 | G2: 1 | H2: 3.6662 | I2: -18.3582 | J2: -22.0244
A3: =A2+1 -> 2 | B3: 976.562 | C3: 0.001024 | D3: 256 | E3: 16 | F3: 6.75807 | G3: 1 | H3: 3.04608 | I3: -17.9218 | J3: -20.9679
A4: =A3+1 -> 3 | B4: 244.141 | C4: 0.004096 | D4: 1024 | E4: 64 | F4: 6.03883 | G4: 1 | H4: 2.42006 | I4: -17.2014 | J4: -19.6214
A5: =A4+1 -> 4 | B5: 488.281 | C5: 0.002048 | D5: 512 | E5: 64 | F5: 6.52119 | G5: 1 | H5: 2.09608 | I5: -16.6279 | J5: -18.724
A6: =A5+1 -> 5 | B6: 1953.12 | C6: 0.000512 | D6: 128 | E6: 64 | F6: 6.5323 | G6: 1 | H6: 1.87483 | I6: -16.1778 | J6: -18.0526
A7: =A6+1 -> 6 | B7: 488.281 | C7: 0.002048 | D7: 512 | E7: 64 | F7: 7.37202 | G7: 1 | H7: 1.77998 | I7: -15.9864 | J7: -17.7664
A8: =A7+1 -> 7 | B8: 976.562 | C8: 0.001024 | D8: 256 | E8: 16 | F8: 8.18198 | G8: 1 | H8: 1.57717 | I8: -15.6484 | J8: -17.2256
A9: =A8+1 -> 8 | B9: 488.281 | C9: 0.002048 | D9: 512 | E9: 64 | F9: 7.45455 | G9: 1 | H9: 1.40419 | I9: -15.4132 | J9: -16.8174
A10: =A9+1 -> 9 | B10: 488.281 | C10: 0.002048 | D10: 512 | E10: 64 | F10: 8.20887 | G10: 1 | H10: 1.29527 | I10: -15.2575 | J10: -16.5527
A11: =A10+1 -> 10 | B11: 488.281 | C11: 0.002048 | D11: 512 | E11: 64 | F11: 8.44901 | G11: 1 | H11: 1.19188 | I11: -15.0449 | J11: -16.2368
A12: =A11+1 -> 11 | B12: 976.562 | C12: 0.001024 | D12: 256 | E12: 64 | F12: 7.48572 | G12: 1 | H12: 1.13234 | I12: -14.8629 | J12: -15.9953
A13: =A12+1 -> 12 | B13: 488.281 | C13: 0.002048 | D13: 512 | E13: 64 | F13: 7.1025 | G13: 1 | H13: 1.13021 | I13: -14.6983 | J13: -15.8285
A14: =A13+1 -> 13 | B14: 244.141 | C14: 0.004096 | D14: 1024 | E14: 64 | F14: 6.04909 | G14: 1 | H14: 1.13869 | I14: -14.6283 | J14: -15.767
... A140: =A139+1 -> 139 | B140: 976.562 | C140: 0.001024 | D140: 256 | E140: 64 | F140: 10.8138 | G140: 1 | H140: 0.47151 | I140: -12.2139 | J140: -12.6854

Sheet 1m - Pulse J7
A1: Message Number | B1: Subcarrier Spacing | C1: Symbol time | D1: Subcarriers (FFT) | E1: CP length | F1: Average Recieved Power (mW) | G1: Threshold | H1: SNR | I1: Average Signal Power 2 | J1: Average Noise Power
A2: 1 | B2: 488.281 | C2: 0.002048 | D2: 512 | E2: 64 | F2: 5.1429 | G2: 1 | H2: 4.91359 | I2: -18.3172 | J2: -23.2308
A3: =A2+1 -> 2 | B3: 244.141 | C3: 0.004096 | D3: 1024 | E3: 64 | F3: 5.21239 | G3: 1 | H3: 4.18008 | I3: -17.9984 | J3: -22.1785
A4: =A3+1 -> 3 | B4: 976.562 | C4: 0.001024 | D4: 256 | E4: 16 | F4: 5.20676 | G4: 1 | H4: 3.31731 | I4: -17.4792 | J4: -20.7965
A5: =A4+1 -> 4 | B5: 488.281 | C5: 0.002048 | D5: 512 | E5: 64 | F5: 4.89553 | G5: 1 | H5: 2.88719 | I5: -17.0213 | J5: -19.9085
A6: =A5+1 -> 5 | B6: 1953.12 | C6: 0.000512 | D6: 128 | E6: 64 | F6: 5.01235 | G6: 1 | H6: 2.54505 | I6: -16.71 | J6: -19.255
A7: =A6+1 -> 6 | B7: 488.281 | C7: 0.002048 | D7: 512 | E7: 64 | F7: 5.02834 | G7: 1 | H7: 2.42089 | I7: -16.5771 | J7: -18.998
A8: =A7+1 -> 7 | B8: 976.562 | C8: 0.001024 | D8: 256 | E8: 16 | F8: 5.20409 | G8: 1 | H8: 2.26058 | I8: -16.2522 | J8: -18.5127
A9: =A8+1 -> 8 | B9: 244.141 | C9: 0.004096 | D9: 1024 | E9: 64 | F9: 5.80434 | G9: 1 | H9: 2.14935 | I9: -15.9409 | J9: -18.0902
A10: =A9+1 -> 9 | B10: 488.281 | C10: 0.002048 | D10: 512 | E10: 64 | F10: 5.69575 | G10: 1 | H10: 2.04458 | I10: -15.861 | J10: -17.9056
A11: =A10+1 -> 10 | B11: 488.281 | C11: 0.002048 | D11: 512 | E11: 64 | F11: 5.75201 | G11: 1 | H11: 1.93408 | I11: -15.7193 | J11: -17.6534
A12: =A11+1 -> 11 | B12: 976.562 | C12: 0.001024 | D12: 256 | E12: 64 | F12: 4.34013 | G12: 1 | H12: 1.85486 | I12: -15.6551 | J12: -17.51
A13: =A12+1 -> 12 | B13: 488.281 | C13: 0.002048 | D13: 512 | E13: 64 | F13: 3.82255 | G13: 1 | H13: 1.82171 | I13: -15.6012 | J13: -17.4229
A14: =A13+1 -> 13 | B14: 244.141 | C14: 0.004096 | D14: 1024 | E14: 64 | F14: 3.48372 | G14: 1 | H14: 1.81824 | I14: -15.5703 | J14: -17.3885
... A141: =A140+1 -> 140 | B141: 244.141 | C141: 0.004096 | D141: 1024 | E141: 64 | F141: 6.22751 | G141: 1 | H141: 1.37069 | I141: -14.0968 | J141: -15.4675

Sheet 1m - Pulse J8
A1: Message Number | B1: Subcarrier Spacing | C1: Symbol time | D1: Subcarriers (FFT) | E1: CP length | F1: Average Recieved Power (mW) | G1: Threshold | H1: SNR | I1: Average Signal Power 2 | J1: Average Noise Power
A2: 1 | B2: 488.281 | C2: 0.002048 | D2: 512 | E2: 64 | F2: 3.80054 | G2: 1 | H2: 6.42444 | I2: -18.5842 | J2: -25.0086
A3: =A2+1 -> 2 | B3: 1953.12 | C3: 0.000512 | D3: 128 | E3: 64 | F3: 3.52233 | G3: 1 | H3: 5.61293 | I3: -18.361 | J3: -23.974
A4: =A3+1 -> 3 | B4: 488.281 | C4: 0.002048 | D4: 512 | E4: 64 | F4: 3.24065 | G4: 1 | H4: 4.88749 | I4: -18.058 | J4: -22.9455
A5: =A4+1 -> 4 | B5: 488.281 | C5: 0.002048 | D5: 512 | E5: 64 | F5: 1.18594 | G5: 1 | H5: 4.81678 | I5: -17.9057 | J5: -22.7225
A6: =A5+1 -> 5 | B6: 244.141 | C6: 0.004096 | D6: 1024 | E6: 64 | F6: 0.959009 | G6: 1 | H6: 4.80836 | I6: -17.7825 | J6: -22.5909
A7: =A6+1 -> 6 | B7: 488.281 | C7: 0.002048 | D7: 512 | E7: 64 | F7: 1.97156 | G7: 1 | H7: 4.66683 | I7: -17.6963 | J7: -22.3631
A8: =A7+1 -> 7 | B8: 488.281 | C8: 0.002048 | D8: 512 | E8: 32 | F8: 2.58195 | G8: 1 | H8: 4.20576 | I8: -17.4808 | J8: -21.6865
A9: =A8+1 -> 8 | B9: 3906.25 | C9: 0.000256 | D9: 64 | E9: 64 | F9: 3.47694 | G9: 1 | H9: 3.74109 | I9: -17.2471 | J9: -20.9882
A10: =A9+1 -> 9 | B10: 488.281 | C10: 0.002048 | D10: 512 | E10: 64 | F10: 4.58419 | G10: 1 | H10: 3.49362 | I10: -17.1256 | J10: -20.6193
A11: =A10+1 -> 10 | B11: 244.141 | C11: 0.004096 | D11: 1024 | E11: 64 | F11: 4.24608 | G11: 1 | H11: 3.07601 | I11: -16.8885 | J11: -19.9645
A12: =A11+1 -> 11 | B12: 488.281 | C12: 0.002048 | D12: 512 | E12: 64 | F12: 5.31818 | G12: 1 | H12: 2.85943 | I12: -16.7165 | J12: -19.5759
A13: =A12+1 -> 12 | B13: 488.281 | C13: 0.002048 | D13: 512 | E13: 64 | F13: 3.4305 | G13: 1 | H13: 2.7983 | I13: -16.5869 | J13: -19.3852
A14: =A13+1 -> 13 | B14: 488.281 | C14: 0.002048 | D14: 512 | E14: 64 | F14: 2.88065 | G14: 1 | H14: 2.77195 | I14: -16.545 | J14: -19.317
... A140: =A139+1 -> 139 | B140: 488.281 | C140: 0.002048 | D140: 512 | E140: 64 | F140: 4.75704 | G140: 1 | H140: 1.34141 | I140: -14.2837 | J140: -15.6251

Sheet 1m - Protocol Aware J1
A1: Message Number | B1: Subcarrier Spacing | C1: Symbol time | D1: Subcarriers (FFT) | E1: CP length | F1: Average Recieved Power (mW) | G1: Threshold | H1: SNR | I1: Average Signal Power 2 | J1: Average Noise Power
A2: 1 | B2: 488.281 | C2: 0.002048 | D2: 512 | E2: 64 | F2: 275.032 | G2: 1 | H2: -2.40145 | I2: -9.10433 | J2: -6.70288
A3: =A2+1 -> 2 | B3: 488.281 | C3: 0.002048 | D3: 512 | E3: 64 | F3: 259.214 | G3: 1 | H3: -2.27157 | I3: -8.11218 | J3: -5.84061
A4: =A3+1 -> 3 | B4: 488.281 | C4: 0.002048 | D4: 512 | E4: 64 | F4: 207.6 | G4: 1 | H4: -1.93412 | I4: -6.79737 | J4: -4.86325
A5: =A4+1 -> 4 | B5: 3906.25 | C5: 0.000256 | D5: 64 | E5: 16 | F5: 209.237 | G5: 1 | H5: -1.59499 | I5: -5.94972 | J5: -4.35474
A6: =A5+1 -> 5 | B6: 488.281 | C6: 0.002048 | D6: 512 | E6: 64 | F6: 210.401 | G6: 1 | H6: -1.29561 | I6: -5.32304 | J6: -4.02742
A7: =A6+1 -> 6 | B7: 244.141 | C7: 0.004096 | D7: 1024 | E7: 64 | F7: 215.844 | G7: 1 | H7: -1.16845 | I7: -5.06181 | J7: -3.89336
A8: =A7+1 -> 7 | B8: 488.281 | C8: 0.002048 | D8: 512 | E8: 64 | F8: 208.753 | G8: 1 | H8: -0.962159 | I8: -4.61356 | J8: -3.6514
A9: =A8+1 -> 8 | B9: 488.281 | C9: 0.002048 | D9: 512 | E9: 64 | F9: 272.455 | G9: 1 | H9: -0.822065 | I9: -4.19101 | J9: -3.36894
A10: =A9+1 -> 9 | B10: 244.141 | C10: 0.004096 | D10: 1024 | E10: 64 | F10: 291.042 | G10: 1 | H10: -0.767301 | I10: -3.99911 | J10: -3.23181
A11: =A10+1 -> 10 | B11: 244.141 | C11: 0.004096 | D11: 1024 | E11: 64 | F11: 305.714 | G11: 1 | H11: -0.679818 | I11: -3.69315 | J11: -3.01334
A12: =A11+1 -> 11 | B12: 3906.25 | C12: 0.000256 | D12: 64 | E12: 64 | F12: 277.474 | G12: 1 | H12: -0.576606 | I12: -3.46508 | J12: -2.88847
A13: =A12+1 -> 12 | B13: 244.141 | C13: 0.004096 | D13: 1024 | E13: 64 | F13: 238.629 | G13: 1 | H13: -0.42801 | I13: -3.29324 | J13: -2.86523
A14: =A13+1 -> 13 | B14: 976.562 | C14: 0.001024 | D14: 256 | E14: 64 | F14: 202.249 | G14: 1 | H14: -0.345469 | I14: -3.22264 | J14: -2.87718
... A139: =A138+1 -> 138 | B139: 1953.12 | C139: 0.000512 | D139: 128 | E139: 64 | F139: 0.0606657 | G139: 0 | H139: 3.32598 | I139: -0.90649 | J139: -4.23247

Sheet 1m - Protocol Aware J2
A1: Message Number | B1: Subcarrier Spacing | C1: Symbol time | D1: Subcarriers (FFT) | E1: CP length | F1: Average Recieved Power (mW) | G1: Threshold | H1: SNR | I1: Average Signal Power 2 | J1: Average Noise Power
A2: 1 | B2: 488.281 | C2: 0.002048 | D2: 512 | E2: 64 | F2: 309.966 | G2: 1 | H2: -2.73674 | I2: -8.9018 | J2: -6.16506
A3: =A2+1 -> 2 | B3: 976.562 | C3: 0.001024 | D3: 256 | E3: 64 | F3: 289.314 | G3: 1 | H3: -2.57821 | I3: -7.90526 | J3: -5.32706
A4: =A3+1 -> 3 | B4: 3906.25 | C4: 0.000256 | D4: 64 | E4: 64 | F4: 244.909 | G4: 1 | H4: -2.19338 | I4: -6.6348 | J4: -4.44142
A5: =A4+1 -> 4 | B5: 244.141 | C5: 0.004096 | D5: 1024 | E5: 64 | F5: 214.266 | G5: 1 | H5: -1.81672 | I5: -5.82754 | J5: -4.01083
A6: =A5+1 -> 5 | B6: 244.141 | C6: 0.004096 | D6: 1024 | E6: 64 | F6: 203.902 | G6: 1 | H6: -1.49236 | I6: -5.23114 | J6: -3.73878
A7: =A6+1 -> 6 | B7: 488.281 | C7: 0.002048 | D7: 512 | E7: 64 | F7: 217.888 | G7: 1 | H7: -1.35736 | I7: -4.97489 | J7: -3.61753
A8: =A7+1 -> 7 | B8: 244.141 | C8: 0.004096 | D8: 1024 | E8: 64 | F8: 231.283 | G8: 1 | H8: -1.14993 | I8: -4.50753 | J8: -3.35759
A9: =A8+1 -> 8 | B9: 3906.25 | C9: 0.000256 | D9: 64 | E9: 64 | F9: 282.492 | G9: 1 | H9: -1.02587 | I9: -4.08503 | J9: -3.05917
A10: =A9+1 -> 9 | B10: 488.281 | C10: 0.002048 | D10: 512 | E10: 64 | F10: 308.408 | G10: 1 | H10: -0.982126 | I10: -3.88937 | J10: -2.90724
A11: =A10+1 -> 10 | B11: 244.141 | C11: 0.004096 | D11: 1024 | E11: 64 | F11: 317.038 | G11: 1 | H11: -0.871745 | I11: -3.54531 | J11: -2.67357
A12: =A11+1 -> 11 | B12: 976.562 | C12: 0.001024 | D12: 256 | E12: 32 | F12: 327.276 | G12: 1 | H12: -0.707674 | I12: -3.25259 | J12: -2.54492
A13: =A12+1 -> 12 | B13: 488.281 | C13: 0.002048 | D13: 512 | E13: 64 | F13: 259.805 | G13: 1 | H13: -0.512804 | I13: -3.04306 | J13: -2.53025
A14: =A13+1 -> 13 | B14: 488.281 | C14: 0.002048 | D14: 512 | E14: 64 | F14: 245.963 | G14: 1 | H14: -0.406436 | I14: -2.95352 | J14: -2.54709
... A140: =A139+1 -> 139 | B140: 244.141 | C140: 0.004096 | D140: 1024 | E140: 64 | F140: 288.933 | G140: 1 | H140: 3.92739 | I140: -0.663543 | J140: -4.59093

Sheet 1m - Protocol Aware J3
A1: Message Number | B1: Subcarrier Spacing | C1: Symbol time | D1: Subcarriers (FFT) | E1: CP length | F1: Average Recieved Power (mW) | G1: Threshold | H1: SNR | I1: Average Signal Power 2 | J1: Average Noise Power
A2: 1 | B2: 488.281 | C2: 0.002048 | D2: 512 | E2: 64 | F2: 317.611 | G2: 1 | H2: -2.57956 | I2: -8.45823 | J2: -5.87866
A3: =A2+1 -> 2 | B3: 1953.12 | C3: 0.000512 | D3: 128 | E3: 16 | F3: 319.544 | G3: 1 | H3: -2.42562 | I3: -7.44538 | J3: -5.01976
A4: =A3+1 -> 3 | B4: 488.281 | C4: 0.002048 | D4: 512 | E4: 64 | F4: 279.698 | G4: 1 | H4: -2.04811 | I4: -6.13765 | J4: -4.08953
A5: =A4+1 -> 4 | B5: 244.141 | C5: 0.004096 | D5: 1024 | E5: 64 | F5: 250.629 | G5: 1 | H5: -1.67293 | I5: -5.33205 | J5: -3.65912
A6: =A5+1 -> 5 | B6: 244.141 | C6: 0.004096 | D6: 1024 | E6: 64 | F6: 241.367 | G6: 1 | H6: -1.33606 | I6: -4.71971 | J6: -3.38365
A7: =A6+1 -> 6 | B7: 1953.12 | C7: 0.000512 | D7: 128 | E7: 32 | F7: 255.359 | G7: 1 | H7: -1.19125 | I7: -4.45926 | J7: -3.26801
A8: =A7+1 -> 7 | B8: 488.281 | C8: 0.002048 | D8: 512 | E8: 64 | F8: 272.374 | G8: 1 | H8: -0.954186 | I8: -3.98948 | J8: -3.03529
A9: =A8+1 -> 8 | B9: 244.141 | C9: 0.004096 | D9: 1024 | E9: 64 | F9: 313.084 | G9: 1 | H9: -0.781744 | I9: -3.59112 | J9: -2.80938
A10: =A9+1 -> 9 | B10: 976.562 | C10: 0.001024 | D10: 256 | E10: 64 | F10: 315.248 | G10: 1 | H10: -0.707027 | I10: -3.40549 | J10: -2.69847
A11: =A10+1 -> 10 | B11: 488.281 | C11: 0.002048 | D11: 512 | E11: 64 | F11: 345.931 | G11: 1 | H11: -0.587626 | I11: -3.13695 | J11: -2.54933
A12: =A11+1 -> 11 | B12: 488.281 | C12: 0.002048 | D12: 512 | E12: 64 | F12: 272.161 | G12: 1 | H12: -0.481905 | I12: -2.9633 | J12: -2.4814
A13: =A12+1 -> 12 | B13: 976.562 | C13: 0.001024 | D13: 256 | E13: 64 | F13: 235.703 | G13: 1 | H13: -0.336986 | I13: -2.83821 | J13: -2.50122
A14: =A13+1 -> 13 | B14: 1953.12 | C14: 0.000512 | D14: 128 | E14: 64 | F14: 191.711 | G14: 1 | H14: -0.258166 | I14: -2.79087 | J14: -2.53271
... A141: =A140+1 -> 140 | B141: 488.281 | C141: 0.002048 | D141: 512 | E141: 64 | F141: 326.493 | G141: 1 | H141: 3.71706 | I141: -0.745489 | J141: -4.46255

Sheet 1m - Protocol Aware J4
A1: Message Number | B1: Subcarrier Spacing | C1: Symbol time | D1: Subcarriers (FFT) | E1: CP length | F1: Average Recieved Power (mW) | G1: Threshold | H1: SNR | I1: Average Signal Power 2 | J1: Average Noise Power
A2: 1 | B2: 488.281 | C2: 0.002048 | D2: 512 | E2: 64 | F2: 329.301 | G2: 1 | H2: -2.57601 | I2: -8.53863 | J2: -5.96262
A3: =A2+1 -> 2 | B3: 1953.12 | C3: 0.000512 | D3: 128 | E3: 64 | F3: 311.774 | G3: 1 | H3: -2.4105 | I3: -7.50972 | J3: -5.09922
A4: =A3+1 -> 3 | B4: 488.281 | C4: 0.002048 | D4: 512 | E4: 64 | F4: 278.953 | G4: 1 | H4: -2.0265 | I4: -6.18707 | J4: -4.16057
A5: =A4+1 -> 4 | B5: 488.281 | C5: 0.002048 | D5: 512 | E5: 64 | F5: 236.406 | G5: 1 | H5: -1.65787 | I5: -5.36781 | J5: -3.70994
A6: =A5+1 -> 5 | B6: 976.562 | C6: 0.001024 | D6: 256 | E6: 32 | F6: 247.169 | G6: 1 | H6: -1.3225 | I6: -4.74688 | J6: -3.42438
A7: =A6+1 -> 6 | B7: 976.562 | C7: 0.001024 | D7: 256 | E7: 64 | F7: 255.129 | G7: 1 | H7: -1.17551 | I7: -4.48627 | J7: -3.31076
A8: =A7+1 -> 7 | B8: 488.281 | C8: 0.002048 | D8: 512 | E8: 64 | F8: 281.701 | G8: 1 | H8: -0.928993 | I8: -4.02505 | J8: -3.09605
A9: =A8+1 -> 8 | B9: 488.281 | C9: 0.002048 | D9: 512 | E9: 64 | F9: 321.228 | G9: 1 | H9: -0.746791 | I9: -3.61736 | J9: -2.87057
A10: =A9+1 -> 9 | B10: 488.281 | C10: 0.002048 | D10: 512 | E10: 64 | F10: 328.43 | G10: 1 | H10: -0.666215 | I10: -3.43853 | J10: -2.77231
A11: =A10+1 -> 10 | B11: 244.141 | C11: 0.004096 | D11: 1024 | E11: 64 | F11: 312.535 | G11: 1 | H11: -0.506463 | I11: -3.13641 | J11: -2.62994
A12: =A11+1 -> 11 | B12: 488.281 | C12: 0.002048 | D12: 512 | E12: 64 | F12: 311.668 | G12: 1 | H12: -0.33626 | I12: -2.91261 | J12: -2.57635
A13: =A12+1 -> 12 | B13: 244.141 | C13: 0.004096 | D13: 1024 | E13: 64 | F13: 263.752 | G13: 1 | H13: -0.135106 | I13: -2.73509 | J13: -2.59998
A14: =A13+1 -> 13 | B14: 976.562 | C14: 0.001024 | D14: 256 | E14: 64 | F14: 239.966 | G14: 1 | H14: -0.0312414 | I14: -2.66165 | J14: -2.63041
... A140: =A139+1 -> 139 | B140: 488.281 | C140: 0.002048 | D140: 512 | E140: 64 | F140: 296.192 | G140: 1 | H140: 3.84006 | I140: -1.12698 | J140: -4.96703

Sheet 1m - Protocol Aware J5
A1: Message Number | B1: Subcarrier Spacing | C1: Symbol time | D1: Subcarriers (FFT) | E1: CP length | F1: Average Recieved Power (mW) | G1: Threshold | H1: SNR | I1: Average Signal Power 2 | J1: Average Noise Power
A2: 1 | B2: 488.281 | C2: 0.002048 | D2: 512 | E2: 64 | F2: 263.483 | G2: 1 | H2: -2.65307 | I2: -9.48642 | J2: -6.83335
A3: =A2+1 -> 2 | B3: 244.141 | C3: 0.004096 | D3: 1024 | E3: 64 | F3: 245.256 | G3: 1 | H3: -2.52299 | I3: -8.48764 | J3: -5.96464
A4: =A3+1 -> 3 | B4: 244.141 | C4: 0.004096 | D4: 1024 | E4: 64 | F4: 206.588 | G4: 1 | H4: -2.17097 | I4: -7.21101 | J4: -5.04005
A5: =A4+1 -> 4 | B5: 244.141 | C5: 0.004096 | D5: 1024 | E5: 64 | F5: 179.996 | G5: 1 | H5: -1.82432 | I5: -6.40852 | J5: -4.5842
A6: =A5+1 -> 5 | B6: 488.281 | C6: 0.002048 | D6: 512 | E6: 64 | F6: 170.074 | G6: 1 | H6: -1.53417 | I6: -5.8306 | J6: -4.29642
A7: =A6+1 -> 6 | B7: 244.141 | C7: 0.004096 | D7: 1024 | E7: 64 | F7: 183.643 | G7: 1 | H7: -1.41484 | I7: -5.57544 | J7: -4.1606
A8: =A7+1 -> 7 | B8: 488.281 | C8: 0.002048 | D8: 512 | E8: 64 | F8: 195.46 | G8: 1 | H8: -1.24519 | I8: -5.11479 | J8: -3.8696
A9: =A8+1 -> 8 | B9: 488.281 | C9: 0.002048 | D9: 512 | E9: 64 | F9: 231.133 | G9: 1 | H9: -1.15841 | I9: -4.70492 | J9: -3.54651
A10: =A9+1 -> 9 | B10: 976.562 | C10: 0.001024 | D10: 256 | E10: 64 | F10: 251.512 | G10: 1 | H10: -1.1288 | I10: -4.5193 | J10: -3.3905
A11: =A10+1 -> 10 | B11: 976.562 | C11: 0.001024 | D11: 256 | E11: 64 | F11: 258.093 | G11: 1 | H11: -1.05458 | I11: -4.20104 | J11: -3.14646
A12: =A11+1 -> 11 | B12: 488.281 | C12: 0.002048 | D12: 512 | E12: 64 | F12: 256.101 | G12: 1 | H12: -0.959415 | I12: -3.95107 | J12: -2.99166
A13: =A12+1 -> 12 | B13: 3906.25 | C13: 0.000256 | D13: 64 | E13: 64 | F13: 224.61 | G13: 1 | H13: -0.813071 | I13: -3.75745 | J13: -2.94438
A14: =A13+1 -> 13 | B14: 488.281 | C14: 0.002048 | D14: 512 | E14: 64 | F14: 189.072 | G14: 1 | H14: -0.731456 | I14: -3.68004 | J14: -2.94858
... A140: =A139+1 -> 139 | B140: 244.141 | C140: 0.004096 | D140: 1024 | E140: 64 | F140: 304.589 | G140: 1 | H140: 3.1329 | I140: -1.05735 | J140: -4.19024

Sheet 1m - Protocol Aware J6
A1: Message Number | B1: Subcarrier Spacing | C1: Symbol time | D1: Subcarriers (FFT) | E1: CP length | F1: Average Recieved Power (mW) | G1: Threshold | H1: SNR | I1: Average Signal Power 2 | J1: Average Noise Power
A2: 1 | B2: 1953.12 | C2: 0.000512 | D2: 128 | E2: 32 | F2: 164.531 | G2: 1 | H2: -2.84446 | I2: -10.1506 | J2: -7.30615
A3: =A2+1 -> 2 | B3: 1953.12 | C3: 0.000512 | D3: 128 | E3: 64 | F3: 304.876 | G3: 1 | H3: -2.73392 | I3: -8.60991 | J3: -5.87599
A4: =A3+1 -> 3 | B4: 488.281 | C4: 0.002048 | D4: 512 | E4: 64 | F4: 282.47 | G4: 1 | H4: -2.34196 | I4: -6.87289 | J4: -4.53093
A5: =A4+1 -> 4 | B5: 488.281 | C5: 0.002048 | D5: 512 | E5: 64 | F5: 238.511 | G5: 1 | H5: -1.92652 | I5: -5.88257 | J5: -3.95605
A6: =A5+1 -> 5 | B6: 244.141 | C6: 0.004096 | D6: 1024 | E6: 64 | F6: 219.488 | G6: 1 | H6: -1.73511 | I6: -5.51175 | J6: -3.77664
A7: =A6+1 -> 6 | B7: 244.141 | C7: 0.004096 | D7: 1024 | E7: 64 | F7: 216.725 | G7: 1 | H7: -1.39585 | I7: -4.92237 | J7: -3.52652
A8: =A7+1 -> 7 | B8: 244.141 | C8: 0.004096 | D8: 1024 | E8: 64 | F8: 217.711 | G8: 1 | H8: -1.13818 | I8: -4.45183 | J8: -3.31365
A9: =A8+1 -> 8 | B9: 244.141 | C9: 0.004096 | D9: 1024 | E9: 64 | F9: 253.881 | G9: 1 | H9: -0.945753 | I9: -4.03659 | J9: -3.09083
A10: =A9+1 -> 9 | B10: 244.141 | C10: 0.004096 | D10: 1024 | E10: 64 | F10: 288.165 | G10: 1 | H10: -0.881786 | I10: -3.8389 | J10: -2.95711
A11: =A10+1 -> 10 | B11: 488.281 | C11: 0.002048 | D11: 512 | E11: 64 | F11: 330.732 | G11: 1 | H11: -0.775653 | I11: -3.497 | J11: -2.72135
A12: =A11+1 -> 11 | B12: 488.281 | C12: 0.002048 | D12: 512 | E12: 64 | F12: 344.582 | G12: 1 | H12: -0.613206 | I12: -3.15545 | J12: -2.54225
A13: =A12+1 -> 12 | B13: 244.141 | C13: 0.004096 | D13: 1024 | E13: 64 | F13: 342.95 | G13: 1 | H13: -0.517377 | I13: -3.01955 | J13: -2.50218
A14: =A13+1 -> 13 | B14: 976.562 | C14: 0.001024 | D14: 256 | E14: 32 | F14: 302.835 | G14: 1 | H14: -0.306113 | I14: -2.79762 | J14: -2.49151
... A142: =A141+1 -> 141 | B142: 244.141 | C142: 0.004096 | D142: 1024 | E142: 64 | F142: 299.845 | G142: 1 | H142: 4.00425 | I142: -0.656542 | J142: -4.66079

Sheet 1m - Protocol Aware J7
A1: Message Number | B1: Subcarrier Spacing | C1: Symbol time | D1: Subcarriers (FFT) | E1: CP length | F1: Average Recieved Power (mW) | G1: Threshold | H1: SNR | I1: Average Signal Power 2 | J1: Average Noise Power
A2: 1 | B2: 488.281 | C2: 0.002048 | D2: 512 | E2: 64 | F2: 261.7 | G2: 1 | H2: -2.43901 | I2: -9.2745 | J2: -6.83549
A3: =A2+1 -> 2 | B3: 244.141 | C3: 0.004096 | D3: 1024 | E3: 64 | F3: 241.436 | G3: 1 | H3: -2.34175 | I3: -8.31719 | J3: -5.97544
A4: =A3+1 -> 3 | B4: 244.141 | C4: 0.004096 | D4: 1024 | E4: 64 | F4: 208.754 | G4: 1 | H4: -2.02826 | I4: -7.08021 | J4: -5.05194
A5: =A4+1 -> 4 | B5: 244.141 | C5: 0.004096 | D5: 1024 | E5: 64 | F5: 182.129 | G5: 1 | H5: -1.70259 | I5: -6.28384 | J5: -4.58126
A6: =A5+1 -> 5 | B6: 15625 | C6: 6.4e-05 | D6: 16 | E6: 64 | F6: 174.561 | G6: 1 | H6: -1.41843 | I6: -5.70206 | J6: -4.28362
A7: =A6+1 -> 6 | B7: 976.562 | C7: 0.001024 | D7: 256 | E7: 64 | F7: 186.431 | G7: 1 | H7: -1.30546 | I7: -5.44888 | J7: -4.14342
A8: =A7+1 -> 7 | B8: 3906.25 | C8: 0.000256 | D8: 64 | E8: 64 | F8: 205.542 | G8: 1 | H8: -1.14269 | I8: -4.98738 | J8: -3.84469
A9: =A8+1 -> 8 | B9: 244.141 | C9: 0.004096 | D9: 1024 | E9: 64 | F9: 240.991 | G9: 1 | H9: -1.06218 | I9: -4.57788 | J9: -3.5157
A10: =A9+1 -> 9 | B10: 244.141 | C10: 0.004096 | D10: 1024 | E10: 64 | F10: 261.378 | G10: 1 | H10: -1.03743 | I10: -4.38805 | J10: -3.35062
A11: =A10+1 -> 10 | B11: 244.141 | C11: 0.004096 | D11: 1024 | E11: 64 | F11: 280.08 | G11: 1 | H11: -0.932112 | I11: -4.01145 | J11: -3.07934
A12: =A11+1 -> 11 | B12: 488.281 | C12: 0.002048 | D12: 512 | E12: 64 | F12: 313.439 | G12: 1 | H12: -0.759172 | I12: -3.67315 | J12: -2.91397
A13: =A12+1 -> 12 | B13: 1953.12 | C13: 0.000512 | D13: 128 | E13: 64 | F13: 278.636 | G13: 1 | H13: -0.555506 | I13: -3.41176 | J13: -2.85625
A14: =A13+1 -> 13 | B14: 488.281 | C14: 0.002048 | D14: 512 | E14: 64 | F14: 250.094 | G14: 1 | H14: -0.449564 | I14: -3.30239 | J14: -2.85282
... A140: =A139+1 -> 139 | B140: 976.562 | C140: 0.001024 | D140: 256 | E140: 64 | F140: 276.647 | G140: 1 | H140: 3.24108 | I140: -1.00136 | J140: -4.24245

Sheet 1m - Protocol Aware J8
A1: Message Number | B1: Subcarrier Spacing | C1: Symbol time | D1: Subcarriers (FFT) | E1: CP length | F1: Average Recieved Power (mW) | G1: Threshold | H1: SNR | I1: Average Signal Power 2 | J1: Average Noise Power
A2: 1 | B2: 488.281 | C2: 0.002048 | D2: 512 | E2: 64 | F2: 272.064 | G2: 1 | H2: -2.16424 | I2: -8.88754 | J2: -6.72329
A3: =A2+1 -> 2 | B3: 244.141 | C3: 0.004096 | D3: 1024 | E3: 64 | F3: 238.087 | G3: 1 | H3: -2.01767 | I3: -7.88351 | J3: -5.86584
A4: =A3+1 -> 3 | B4: 3906.25 | C4: 0.000256 | D4: 64 | E4: 64 | F4: 228.158 | G4: 1 | H4: -1.6412 | I4: -6.62493 | J4: -4.98373
A5: =A4+1 -> 4 | B5: 488.281 | C5: 0.002048 | D5: 512 | E5: 64 | F5: 61.5393 | G5: 1 | H5: -1.18232 | I5: -6.19221 | J5: -5.00989
A6: =A5+1 -> 5 | B6: 244.141 | C6: 0.004096 | D6: 1024 | E6: 64 | F6: 5.88406 | G6: 1 | H6: -0.907525 | I6: -6.15184 | J6: -5.24432
A7: =A6+1 -> 6 | B7: 488.281 | C7: 0.002048 | D7: 512 | E7: 64 | F7: 88.7492 | G7: 1 | H7: -0.703682 | I7: -5.95703 | J7: -5.25335
A8: =A7+1 -> 7 | B8: 244.141 | C8: 0.004096 | D8: 1024 | E8: 64 | F8: 114.704 | G8: 1 | H8: -0.36078 | I8: -5.55287 | J8: -5.19209
A9: =A8+1 -> 8 | B9: 488.281 | C9: 0.002048 | D9: 512 | E9: 64 | F9: 127.288 | G9: 1 | H9: -0.0695355 | I9: -5.21152 | J9: -5.14198
A10: =A9+1 -> 9 | B10: 976.562 | C10: 0.001024 | D10: 256 | E10: 64 | F10: 129.811 | G10: 1 | H10: 0.0534732 | I10: -5.05979 | J10: -5.11327
A11: =A10+1 -> 10 | B11: 488.281 | C11: 0.002048 | D11: 512 | E11: 64 | F11: 123.679 | G11: 1 | H11: 0.250884 | I11: -4.88085 | J11: -5.13173
A12: =A11+1 -> 11 | B12: 3906.25 | C12: 0.000256 | D12: 64 | E12: 64 | F12: 104.811 | G12: 1 | H12: 0.358922 | I12: -4.72273 | J12: -5.08165
A13: =A12+1 -> 12 | B13: 244.141 | C13: 0.004096 | D13: 1024 | E13: 64 | F13: 137.517 | G13: 1 | H13: 0.421419 | I13: -4.54975 | J13: -4.97117
A14: =A13+1 -> 13 | B14: 244.141 | C14: 0.004096 | D14: 1024 | E14: 64 | F14: 157.32 | G14: 1 | H14: 0.45018 | I14: -4.46057 | J14: -4.91075
... A142: =A141+1 -> 141 | B142: 244.141 | C142: 0.004096 | D142: 1024 | E142: 64 | F142: 36.3873 | G142: 1 | H142: 3.34097 | I142: -1.46555 | J142: -4.80653

Sheet 1.5m - Barrage J1
A1: Message Number | B1: Subcarrier Spacing | C1: Symbol time | D1: Subcarriers (FFT) | E1: CP length | F1: Average Recieved Power (mW) | G1: Threshold | H1: SNR | I1: Average Signal Power 2 | J1: Average Noise Power
A2: 1 | B2: 488.281 | C2: 0.002048 | D2: 512 | E2: 64 | F2: 15.3706 | G2: 1 | H2: 4.87217 | I2: -14.7984 | J2: -19.6705
A3: =A2+1 -> 2 | B3: 976.562 | C3: 0.001024 | D3: 256 | E3: 16 | F3: 2.42822 | G3: 1 | H3: 5.12286 | I3: -14.6421 | J3: -19.765
A4: =A3+1 -> 3 | B4: 244.141 | C4: 0.004096 | D4: 1024 | E4: 64 | F4: 9.23318 | G4: 1 | H4: 3.36265 | I4: -12.589 | J4: -15.9517
A5: =A4+1 -> 4 | B5: 488.281 | C5: 0.002048 | D5: 512 | E5: 64 | F5: 98.9807 | G5: 1 | H5: 0.621012 | I5: -10.06 | J5: -10.681
A6: =A5+1 -> 5 | B6: 488.281 | C6: 0.002048 | D6: 512 | E6: 64 | F6: 182.493 | G6: 1 | H6: -0.179576 | I6: -8.35442 | J6: -8.17484
A7: =A6+1 -> 6 | B7: 244.141 | C7: 0.004096 | D7: 1024 | E7: 64 | F7: 205.814 | G7: 1 | H7: -0.338782 | I7: -7.72656 | J7: -7.38777
A8: =A7+1 -> 7 | B8: 488.281 | C8: 0.002048 | D8: 512 | E8: 64 | F8: 214.017 | G8: 1 | H8: -0.465644 | I8: -6.77191 | J8: -6.30626
A9: =A8+1 -> 8 | B9: 488.281 | C9: 0.002048 | D9: 512 | E9: 64 | F9: 217.778 | G9: 1 | H9: -0.472149 | I9: -6.05514 | J9: -5.58299
A10: =A9+1 -> 9 | B10: 488.281 | C10: 0.002048 | D10: 512 | E10: 64 | F10: 186.823 | G10: 1 | H10: -0.453283 | I10: -5.76237 | J10: -5.30908
A11: =A10+1 -> 10 | B11: 244.141 | C11: 0.004096 | D11: 1024 | E11: 64 | F11: 244.76 | G11: 1 | H11: -0.411221 | I11: -5.25742 | J11: -4.8462
A12: =A11+1 -> 11 | B12: 244.141 | C12: 0.004096 | D12: 1024 | E12: 64 | F12: 241.149 | G12: 1 | H12: -0.371761 | I12: -4.8106 | J12: -4.43884
A13: =A12+1 -> 12 | B13: 488.281 | C13: 0.002048 | D13: 512 | E13: 64 | F13: 255.58 | G13: 1 | H13: -0.275315 | I13: -4.44556 | J13: -4.17025
A14: =A13+1 -> 13 | B14: 976.562 | C14: 0.001024 | D14: 256 | E14: 64 | F14: 237.671 | G14: 1 | H14: -0.210697 | I14: -4.29251 | J14: -4.08182
... A140: =A139+1 -> 139 | B140: 976.562 | C140: 0.001024 | D140: 256 | E140: 64 | F140: 276.909 | G140: 1 | H140: 4.72076 | I140: -0.788654 | J140: -5.50941

Sheet 1.5m - Barrage J2
A1: Message Number | B1: Subcarrier Spacing | C1: Symbol time | D1: Subcarriers (FFT) | E1: CP length | F1: Average Recieved Power (mW) | G1: Threshold | H1: SNR | I1: Average Signal Power 2 | J1: Average Noise Power
A2: 1 | B2: 488.281 | C2: 0.002048 | D2: 512 | E2: 64 | F2: 305.113 | G2: 1 | H2: -2.58957 | I2: -8.72173 | J2: -6.13216
A3: =A2+1 -> 2 | B3: 488.281 | C3: 0.002048 | D3: 512 | E3: 64 | F3: 298.883 | G3: 1 | H3: -2.43894 | I3: -7.73091 | J3: -5.29197
A4: =A3+1 -> 3 | B4: 488.281 | C4: 0.002048 | D4: 512 | E4: 64 | F4: 268.094 | G4: 1 | H4: -2.07246 | I4: -6.40618 | J4: -4.33372
A5: =A4+1 -> 4 | B5: 244.141 | C5: 0.004096 | D5: 1024 | E5: 64 | F5: 239.566 | G5: 1 | H5: -1.71735 | I5: -5.57264 | J5: -3.85529
A6: =A5+1 -> 5 | B6: 976.562 | C6: 0.001024 | D6: 256 | E6: 64 | F6: 223.924 | G6: 1 | H6: -1.40463 | I6: -4.97504 | J6: -3.57041
A7: =A6+1 -> 6 | B7: 1953.12 | C7: 0.000512 | D7: 128 | E7: 64 | F7: 230.8 | G7: 1 | H7: -1.26836 | I7: -4.72103 | J7: -3.45266
A8: =A7+1 -> 7 | B8: 488.281 | C8: 0.002048 | D8: 512 | E8: 64 | F8: 240.313 | G8: 1 | H8: -1.03245 | I8: -4.26577 | J8: -3.23332
A9: =A8+1 -> 8 | B9: 1953.12 | C9: 0.000512 | D9: 128 | E9: 8 | F9: 279.535 | G9: 1 | H9: -0.854907 | I9: -3.85663 | J9: -3.00172
A10: =A9+1 -> 9 | B10: 976.562 | C10: 0.001024 | D10: 256 | E10: 16 | F10: 300.139 | G10: 1 | H10: -0.784181 | I10: -3.68474 | J10: -2.90056
A11: =A10+1 -> 10 | B11: 244.141 | C11: 0.004096 | D11: 1024 | E11: 64 | F11: 312.052 | G11: 1 | H11: -0.620143 | I11: -3.38413 | J11: -2.76398
A12: =A11+1 -> 11 | B12: 976.562 | C12: 0.001024 | D12: 256 | E12: 16 | F12: 279.072 | G12: 1 | H12: -0.443954 | I12: -3.15283 | J12: -2.70888
A13: =A12+1 -> 12 | B13: 488.281 | C13: 0.002048 | D13: 512 | E13: 64 | F13: 261.873 | G13: 1 | H13: -0.25602 | I13: -2.95604 | J13: -2.70003
A14: =A13+1 -> 13 | B14: 244.141 | C14: 0.004096 | D14: 1024 | E14: 64 | F14: 256.313 | G14: 1 | H14: -0.160214 | I14: -2.86707 | J14: -2.70686
... A140: =A139+1 -> 139 | B140: 976.562 | C140: 0.001024 | D140: 256 | E140: 64 | F140: 286.911 | G140: 1 | H140: 5.29945 | I140: -0.486612 | J140: -5.78607

Sheet 1.5m - Barrage J3
A1: Message Number | B1: Subcarrier Spacing | C1: Symbol time | D1: Subcarriers (FFT) | E1: CP length | F1: Average Recieved Power (mW) | G1: Threshold | H1: SNR | I1: Average Signal Power 2 | J1: Average Noise Power
A2: 1 | B2: 488.281 | C2: 0.002048 | D2: 512 | E2: 64 | F2: 298.323 | G2: 1 | H2: -2.37878 | I2: -8.73703 | J2: -6.35826
A3: =A2+1 -> 2 | B3: 244.141 | C3: 0.004096 | D3: 1024 | E3: 64 | F3: 284.986 | G3: 1 | H3: -2.26303 | I3: -7.71294 | J3: -5.44991
A4: =A3+1 -> 3 | B4: 976.562 | C4: 0.001024 | D4: 256 | E4: 64 | F4: 261.437 | G4: 1 | H4: -1.95522 | I4: -6.36852 | J4: -4.4133
A5: =A4+1 -> 4 | B5: 488.281 | C5: 0.002048 | D5: 512 | E5: 64 | F5: 250.786 | G5: 1 | H5: -1.62807 | I5: -5.54979 | J5: -3.92172
A6: =A5+1 -> 5 | B6: 1953.12 | C6: 0.000512 | D6: 128 | E6: 8 | F6: 228.224 | G6: 1 | H6: -1.32558 | I6: -4.95103 | J6: -3.62545
A7: =A6+1 -> 6 | B7: 976.562 | C7: 0.001024 | D7: 256 | E7: 64 | F7: 228.841 | G7: 1 | H7: -1.1909 | I7: -4.70795 | J7: -3.51705
A8: =A7+1 -> 7 | B8: 244.141 | C8: 0.004096 | D8: 1024 | E8: 64 | F8: 229.65 | G8: 1 | H8: -0.957776 | I8: -4.28671 | J8: -3.32894
A9: =A8+1 -> 8 | B9: 1953.12 | C9: 0.000512 | D9: 128 | E9: 64 | F9: 258.355 | G9: 1 | H9: -0.767824 | I9: -3.91336 | J9: -3.14554
A10: =A9+1 -> 9 | B10: 244.141 | C10: 0.004096 | D10: 1024 | E10: 64 | F10: 265.557 | G10: 1 | H10: -0.690008 | I10: -3.73715 | J10: -3.04714
A11: =A10+1 -> 10 | B11: 488.281 | C11: 0.002048 | D11: 512 | E11: 64 | F11: 295.211 | G11: 1 | H11: -0.530303 | I11: -3.43679 | J11: -2.90649
A12: =A11+1 -> 11 | B12: 488.281 | C12: 0.002048 | D12: 512 | E12: 64 | F12: 265.921 | G12: 1 | H12: -0.353178 | I12: -3.21144 | J12: -2.85826
A13: =A12+1 -> 12 | B13: 244.141 | C13: 0.004096 | D13: 1024 | E13: 64 | F13: 243.876 | G13: 1 | H13: -0.168358 | I13: -3.02751 | J13: -2.85915
A14: =A13+1 -> 13 | B14: 488.281 | C14: 0.002048 | D14: 512 | E14: 64 | F14: 226.475 | G14: 1 | H14: -0.0808635 | I14: -2.95512 | J14: -2.87425
... A141: =A140+1 -> 140 | B141: 488.281 | C141: 0.002048 | D141: 512 | E141: 64 | F141: 258.033 | G141: 1 | H141: 5.29668 | I141: -0.516177 | J141: -5.81286

Sheet 1.5m - Barrage J4
A1: Message Number | B1: Subcarrier Spacing | C1: Symbol time | D1: Subcarriers (FFT) | E1: CP length | F1: Average Recieved Power (mW) | G1: Threshold | H1: SNR | I1: Average Signal Power 2 | J1: Average Noise Power
A2: 1 | B2: 488.281 | C2: 0.002048 | D2: 512 | E2: 64 | F2: 102.86 | G2: 1 | H2: -0.769712 | I2: -10.5675 | J2: -9.7978
A3: =A2+1 -> 2 | B3: 488.281 | C3: 0.002048 | D3: 512 | E3: 64 | F3: 156.326 | G3: 1 | H3: -0.981064 | I3: -9.32233 | J3: -8.34127
A4: =A3+1 -> 3 | B4: 244.141 | C4: 0.004096 | D4: 1024 | E4: 64 | F4: 200.577 | G4: 1 | H4: -1.02594 | I4: -7.70406 | J4: -6.67812
A5: =A4+1 -> 4 | B5: 488.281 | C5: 0.002048 | D5: 512 | E5: 64 | F5: 193.594 | G5: 1 | H5: -0.842241 | I5: -6.74748 | J5: -5.90524
A6: =A5+1 -> 5 | B6: 488.281 | C6: 0.002048 | D6: 512 | E6: 64 | F6: 119.074 | G6: 1 | H6: -0.46615 | I6: -6.36726 | J6: -5.90111
A7: =A6+1 -> 6 | B7: 15625 | C7: 6.4e-05 | D7: 16 | E7: 64 | F7: 36.4489 | G7: 1 | H7: -0.292571 | I7: -6.30296 | J7: -6.01039
A8: =A7+1 -> 7 | B8: 488.281 | C8: 0.002048 | D8: 512 | E8: 64 | F8: 39.3912 | G8: 1 | H8: 0.0401196 | I8: -6.10305 | J8: -6.14317
A9: =A8+1 -> 8 | B9: 488.281 | C9: 0.002048 | D9: 512 | E9: 64 | F9: 70.0813 | G9: 1 | H9: 0.310382 | I9: -5.87618 | J9: -6.18657
A10: =A9+1 -> 9 | B10: 976.562 | C10: 0.001024 | D10: 256 | E10: 64 | F10: 69.3271 | G10: 1 | H10: 0.424535 | I10: -5.73911 | J10: -6.16364
A11: =A10+1 -> 10 | B11: 488.281 | C11: 0.002048 | D11: 512 | E11: 64 | F11: 112.149 | G11: 1 | H11: 0.606337 | I11: -5.45119 | J11: -6.05752
A12: =A11+1 -> 11 | B12: 244.141 | C12: 0.004096 | D12: 1024 | E12: 64 | F12: 110.76 | G12: 1 | H12: 0.803037 | I12: -5.22539 | J12: -6.02842
A13: =A12+1 -> 12 | B13: 488.281 | C13: 0.002048 | D13: 512 | E13: 64 | F13: 86.7105 | G13: 1 | H13: 1.00426 | I13: -5.08409 | J13: -6.08835
A14: =A13+1 -> 13 | B14: 488.281 | C14: 0.002048 | D14: 512 | E14: 64 | F14: 66.5419 | G14: 1 | H14: 1.104 | I14: -5.037 | J14: -6.14101
... A141: =A140+1 -> 140 | B141: 244.141 | C141: 0.004096 | D141: 1024 | E141: 64 | F141: 238.653 | G141: 1 | H141: 4.42943 | I141: -1.41721 | J141: -5.84664

Sheet 1.5m - Barrage J5
A1: Message Number | B1: Subcarrier Spacing | C1: Symbol time | D1: Subcarriers (FFT) | E1: CP length | F1: Average Recieved Power (mW) | G1: Threshold | H1: SNR | I1: Average Signal Power 2 | J1: Average Noise Power
A2: 1 | B2: 244.141 | C2: 0.004096 | D2: 1024 | E2: 64 | F2: 285.652 | G2: 1 | H2: -2.48006 | I2: -8.20837 | J2: -5.72831
A3: =A2+1 -> 2 | B3: 244.141 | C3: 0.004096 | D3: 1024 | E3: 64 | F3: 249.533 | G3: 1 | H3: -2.29096 | I3: -7.35925 | J3: -5.06828
A4: =A3+1 -> 3 | B4: 488.281 | C4: 0.002048 | D4: 512 | E4: 32 | F4: 237.839 | G4: 1 | H4: -1.91455 | I4: -6.22063 | J4: -4.30607
A5: =A4+1 -> 4 | B5: 244.141 | C5: 0.004096 | D5: 1024 | E5: 64 | F5: 229.523 | G5: 1 | H5: -1.57421 | I5: -5.44255 | J5: -3.86835
A6: =A5+1 -> 5 | B6: 488.281 | C6: 0.002048 | D6: 512 | E6: 64 | F6: 228.801 | G6: 1 | H6: -1.28001 | I6: -4.84297 | J6: -3.56296
A7: =A6+1 -> 6 | B7: 488.281 | C7: 0.002048 | D7: 512 | E7: 64 | F7: 245.112 | G7: 1 | H7: -1.15299 | I7: -4.57906 | J7: -3.42607
A8: =A7+1 -> 7 | B8: 488.281 | C8: 0.002048 | D8: 512 | E8: 64 | F8: 267.633 | G8: 1 | H8: -0.950175 | I8: -4.12842 | J8: -3.17825
A9: =A8+1 -> 8 | B9: 488.281 | C9: 0.002048 | D9: 512 | E9: 32 | F9: 305.428 | G9: 1 | H9: -0.784546 | I9: -3.72971 | J9: -2.94516
A10: =A9+1 -> 9 | B10: 488.281 | C10: 0.002048 | D10: 512 | E10: 64 | F10: 312.366 | G10: 1 | H10: -0.709682 | I10: -3.56418 | J10: -2.8545
A11: =A10+1 -> 10 | B11: 244.141 | C11: 0.004096 | D11: 1024 | E11: 64 | F11: 282.01 | G11: 1 | H11: -0.533518 | I11: -3.29419 | J11: -2.76067
A12: =A11+1 -> 11 | B12: 488.281 | C12: 0.002048 | D12: 512 | E12: 64 | F12: 276.447 | G12: 1 | H12: -0.343447 | I12: -3.05375 | J12: -2.71031
A13: =A12+1 -> 12 | B13: 976.562 | C13: 0.001024 | D13: 256 | E13: 32 | F13: 256.925 | G13: 1 | H13: -0.14206 | I13: -2.85945 | J13: -2.71739
A14: =A13+1 -> 13 | B14: 244.141 | C14: 0.004096 | D14: 1024 | E14: 64 | F14: 252.989 | G14: 1 | H14: -0.0412424 | I14: -2.7746 | J14: -2.73335
... A140: =A139+1 -> 139 | B140: 488.281 | C140: 0.002048 | D140: 512 | E140: 64 | F140: 247.339 | G140: 1 | H140: 5.31323 | I140: -0.513553 | J140: -5.82678

Sheet 1.5m - Barrage J6
A1: Message Number | B1: Subcarrier Spacing | C1: Symbol time | D1: Subcarriers (FFT) | E1: CP length | F1: Average Recieved Power (mW) | G1: Threshold | H1: SNR | I1: Average Signal Power 2 | J1: Average Noise Power
A2: 1 | B2: 488.281 | C2: 0.002048 | D2: 512 | E2: 64 | F2: 291.809 | G2: 1 | H2: -2.53862 | I2: -8.90978 | J2: -6.37116
A3: =A2+1 -> 2 | B3: 1953.12 | C3: 0.000512 | D3: 128 | E3: 64 | F3: 288.745 | G3: 1 | H3: -2.40607 | I3: -7.8281 | J3: -5.42203
A4: =A3+1 -> 3 | B4: 244.141 | C4: 0.004096 | D4: 1024 | E4: 64 | F4: 264.569 | G4: 1 | H4: -2.0622 | I4: -6.4474 | J4: -4.38521
A5: =A4+1 -> 4 | B5: 976.562 | C5: 0.001024 | D5: 256 | E5: 64 | F5: 254.019 | G5: 1 | H5: -1.72471 | I5: -5.56427 | J5: -3.83956
A6: =A5+1 -> 5 | B6: 244.141 | C6: 0.004096 | D6: 1024 | E6: 64 | F6: 243.308 | G6: 1 | H6: -1.41651 | I6: -4.93346 | J6: -3.51695
A7: =A6+1 -> 6 | B7: 488.281 | C7: 0.002048 | D7: 512 | E7: 64 | F7: 240.578 | G7: 1 | H7: -1.28118 | I7: -4.68051 | J7: -3.39933
A8: =A7+1 -> 7 | B8: 1953.12 | C8: 0.000512 | D8: 128 | E8: 8 | F8: 242.719 | G8: 1 | H8: -1.04333 | I8: -4.2508 | J8: -3.20747
A9: =A8+1 -> 8 | B9: 244.141 | C9: 0.004096 | D9: 1024 | E9: 64 | F9: 256.754 | G9: 1 | H9: -0.849351 | I9: -3.89077 | J9: -3.04142
A10: =A9+1 -> 9 | B10: 976.562 | C10: 0.001024 | D10: 256 | E10: 64 | F10: 266.396 | G10: 1 | H10: -0.767243 | I10: -3.72049 | J10: -2.95325
A11: =A10+1 -> 10 | B11: 488.281 | C11: 0.002048 | D11: 512 | E11: 64 | F11: 296.152 | G11: 1 | H11: -0.604944 | I11: -3.41315 | J11: -2.80821
A12: =A11+1 -> 11 | B12: 3906.25 | C12: 0.000256 | D12: 64 | E12: 32 | F12: 292.185 | G12: 1 | H12: -0.426192 | I12: -3.16556 | J12: -2.73937
A13: =A12+1 -> 12 | B13: 488.281 | C13: 0.002048 | D13: 512 | E13: 64 | F13: 258.268 | G13: 1 | H13: -0.238419 | I13: -2.97457 | J13: -2.73615
A14: =A13+1 -> 13 | B14: 488.281 | C14: 0.002048 | D14: 512 | E14: 64 | F14: 235.526 | G14: 1 | H14: -0.142656 | I14: -2.89349 | J14: -2.75084
... A140: =A139+1 -> 139 | B140: 1953.12 | C140: 0.000512 | D140: 128 | E140: 8 | F140: 278.259 | G140: 1 | H140: 5.34766 | I140: -0.490046 | J140: -5.8377

Sheet 1.5m - Barrage J7
A1: Message Number | B1: Subcarrier Spacing | C1: Symbol time | D1: Subcarriers (FFT) | E1: CP length | F1: Average Recieved Power (mW) | G1: Threshold | H1: SNR | I1: Average Signal Power 2 | J1: Average Noise Power
A2: 1 | B2: 488.281 | C2: 0.002048 | D2: 512 | E2: 64 | F2: 259.066 | G2: 1 | H2: -2.22921 | I2: -9.20659 | J2: -6.97738
A3: =A2+1 -> 2 | B3: 244.141 | C3: 0.004096 | D3: 1024 | E3: 64 | F3: 233.38 | G3: 1 | H3: -2.10287 | I3: -8.17217 | J3: -6.06931
A4: =A3+1 -> 3 | B4: 244.141 | C4: 0.004096 | D4: 1024 | E4: 64 | F4: 225.093 | G4: 1 | H4: -1.78184 | I4: -6.83579 | J4: -5.05395
A5: =A4+1 -> 4 | B5: 3906.25 | C5: 0.000256 | D5: 64 | E5: 32 | F5: 221.467 | G5: 1 | H5: -1.48636 | I5: -5.94714 | J5: -4.46078
A6: =A5+1 -> 5 | B6: 244.141 | C6: 0.004096 | D6: 1024 | E6: 64 | F6: 227.314 | G6: 1 | H6: -1.2164 | I6: -5.25242 | J6: -4.03601
A7: =A6+1 -> 6 | B7: 488.281 | C7: 0.002048 | D7: 512 | E7: 64 | F7: 242.932 | G7: 1 | H7: -1.09545 | I7: -4.96513 | J7: -3.86969
A8: =A7+1 -> 7 | B8: 244.141 | C8: 0.004096 | D8: 1024 | E8: 64 | F8: 244.097 | G8: 1 | H8: -0.888704 | I8: -4.47611 | J8: -3.58741
A9: =A8+1 -> 8 | B9: 488.281 | C9: 0.002048 | D9: 512 | E9: 64 | F9: 268.508 | G9: 1 | H9: -0.720913 | I9: -4.07845 | J9: -3.35753
A10: =A9+1 -> 9 | B10: 976.562 | C10: 0.001024 | D10: 256 | E10: 32 | F10: 270.785 | G10: 1 | H10: -0.636641 | I10: -3.90198 | J10: -3.26534
A11: =A10+1 -> 10 | B11: 244.141 | C11: 0.004096 | D11: 1024 | E11: 64 | F11: 265.171 | G11: 1 | H11: -0.449097 | I11: -3.62859 | J11: -3.17949
A12: =A11+1 -> 11 | B12: 244.141 | C12: 0.004096 | D12: 1024 | E12: 64 | F12: 256.843 | G12: 1 | H12: -0.276271 | I12: -3.39644 | J12: -3.12017
A13: =A12+1 -> 12 | B13: 488.281 | C13: 0.002048 | D13: 512 | E13: 64 | F13: 256.76 | G13: 1 | H13: -0.11211 | I13: -3.20311 | J13: -3.091
A14: =A13+1 -> 13 | B14: 244.141 | C14: 0.004096 | D14: 1024 | E14: 64 | F14: 228.442 | G14: 1 | H14: -0.0206156 | I14: -3.10953 | J14: -3.08891
... A143: =A142+1 -> 142 | B143: 244.141 | C143: 0.004096 | D143: 1024 | E143: 64 | F143: 193.552 | G143: 1 | H143: 4.98837 | I143: -0.797507 | J143: -5.78588

Sheet 1.5m - Barrage J8
A1: Message Number | B1: Subcarrier Spacing | C1: Symbol time | D1: Subcarriers (FFT) | E1: CP length | F1: Average Recieved Power (mW) | G1: Threshold | H1: SNR | I1: Average Signal Power 2 | J1: Average Noise Power
A2: 1 | B2: 488.281 | C2: 0.002048 | D2: 512 | E2: 64 | F2: 279.983 | G2: 1 | H2: -2.37554 | I2: -8.89527 | J2: -6.51974
A3: =A2+1 -> 2 | B3: 1953.12 | C3: 0.000512 | D3: 128 | E3: 64 | F3: 275.315 | G3: 1 | H3: -2.24089 | I3: -7.92727 | J3: -5.68638
A4: =A3+1 -> 3 | B4: 488.281 | C4: 0.002048 | D4: 512 | E4: 64 | F4: 243.121 | G4: 1 | H4: -1.89498 | I4: -6.6313 | J4: -4.73632
A5: =A4+1 -> 4 | B5: 976.562 | C5: 0.001024 | D5: 256 | E5: 16 | F5: 216.262 | G5: 1 | H5: -1.55666 | I5: -5.80944 | J5: -4.25278
A6: =A5+1 -> 5 | B6: 244.141 | C6: 0.004096 | D6: 1024 | E6: 64 | F6: 207.403 | G6: 1 | H6: -1.2614 | I6: -5.20421 | J6: -3.94281
A7: =A6+1 -> 6 | B7: 244.141 | C7: 0.004096 | D7: 1024 | E7: 64 | F7: 182.954 | G7: 1 | H7: -1.13878 | I7: -4.9681 | J7: -3.82932
A8: =A7+1 -> 7 | B8: 488.281 | C8: 0.002048 | D8: 512 | E8: 32 | F8: 222.544 | G8: 1 | H8: -0.921692 | I8: -4.5039 | J8: -3.58221
A9: =A8+1 -> 8 | B9: 244.141 | C9: 0.004096 | D9: 1024 | E9: 64 | F9: 264.914 | G9: 1 | H9: -0.751756 | I9: -4.0922 | J9: -3.34044
A10: =A9+1 -> 9 | B10: 3906.25 | C10: 0.000256 | D10: 64 | E10: 64 | F10: 272.437 | G10: 1 | H10: -0.67904 | I10: -3.90648 | J10: -3.22744
A11: =A10+1 -> 10 | B11: 488.281 | C11: 0.002048 | D11: 512 | E11: 64 | F11: 265.601 | G11: 1 | H11: -0.523082 | I11: -3.60464 | J11: -3.08155
A12: =A11+1 -> 11 | B12: 15625 | C12: 6.4e-05 | D12: 16 | E12: 64 | F12: 256.673 | G12: 1 | H12: -0.361719 | I12: -3.37336 | J12: -3.01164
A13: =A12+1 -> 12 | B13: 244.141 | C13: 0.004096 | D13: 1024 | E13: 64 | F13: 255.955 | G13: 1 | H13: -0.18205 | I13: -3.1665 | J13: -2.98445
A14: =A13+1 -> 13 | B14: 244.141 | C14: 0.004096 | D14: 1024 | E14: 64 | F14: 256.776 | G14: 1 | H14: -0.0903668 | I14: -3.06951 | J14: -2.97914
... A143: =A142+1 -> 142 | B143: 488.281 | C143: 0.002048 | D143: 512 | E143: 64 | F143: 247.001 | G143: 1 | H143: 5.04893 | I143: -0.66711 | J143: -5.71604

Sheet 1.5m - Tone J1
A1: Message Number | B1: Subcarrier Spacing | C1: Symbol time | D1: Subcarriers (FFT) | E1: CP length | F1: Average Recieved Power (mW) | G1: Threshold | H1: SNR | I1: Average Signal Power 2 | J1: Average Noise Power
A2: 1 | B2: 488.281 | C2: 0.002048 | D2: 512 | E2: 64 | F2: 172.976 | G2: 1 | H2: -2.51797 | I2: -12.816 | J2: -10.298
A3: =A2+1 -> 2 | B3: 488.281 | C3: 0.002048 | D3: 512 | E3: 64 | F3: 336.572 | G3: 1 | H3: -2.71636 | I3: -8.4684 | J3: -5.75204
A4: =A3+1 -> 3 | B4: 1953.12 | C4: 0.000512 | D4: 128 | E4: 8 | F4: 314.151 | G4: 1 | H4: -2.56307 | I4: -7.42676 | J4: -4.86369
A5: =A4+1 -> 4 | B5: 244.141 | C5: 0.004096 | D5: 1024 | E5: 64 | F5: 278.222 | G5: 1 | H5: -2.18172 | I5: -6.09395 | J5: -3.91223
A6: =A5+1 -> 5 | B6: 488.281 | C6: 0.002048 | D6: 512 | E6: 64 | F6: 250.523 | G6: 1 | H6: -1.79369 | I6: -5.29876 | J6: -3.50507
A7: =A6+1 -> 6 | B7: 488.281 | C7: 0.002048 | D7: 512 | E7: 64 | F7: 245.512 | G7: 1 | H7: -1.44521 | I7: -4.69131 | J7: -3.2461
A8: =A7+1 -> 7 | B8: 488.281 | C8: 0.002048 | D8: 512 | E8: 64 | F8: 254.315 | G8: 1 | H8: -1.29121 | I8: -4.43681 | J8: -3.1456
A9: =A8+1 -> 8 | B9: 488.281 | C9: 0.002048 | D9: 512 | E9: 64 | F9: 264.406 | G9: 1 | H9: -1.02934 | I9: -3.98494 | J9: -2.95559
A10: =A9+1 -> 9 | B10: 488.281 | C10: 0.002048 | D10: 512 | E10: 64 | F10: 298.974 | G10: 1 | H10: -0.834112 | I10: -3.5873 | J10: -2.75319
A11: =A10+1 -> 10 | B11: 244.141 | C11: 0.004096 | D11: 1024 | E11: 64 | F11: 307.097 | G11: 1 | H11: -0.757818 | I11: -3.40089 | J11: -2.64307
A12: =A11+1 -> 11 | B12: 488.281 | C12: 0.002048 | D12: 512 | E12: 64 | F12: 361.561 | G12: 1 | H12: -0.609124 | I12: -3.08613 | J12: -2.477
A13: =A12+1 -> 12 | B13: 488.281 | C13: 0.002048 | D13: 512 | E13: 64 | F13: 338.721 | G13: 1 | H13: -0.436718 | I13: -2.82432 | J13: -2.3876
A14: =A13+1 -> 13 | B14: 488.281 | C14: 0.002048 | D14: 512 | E14: 64 | F14: 288.269 | G14: 1 | H14: -0.234533 | I14: -2.62198 | J14: -2.38745
... A143: =A142+1 -> 142 | B143: 976.562 | C143: 0.001024 | D143: 256 | E143: 16 | F143: 0.164163 | G143: 0 | H143: 3.83257 | I143: -0.810074 | J143: -4.64265

Sheet 1.5m - Tone J2
A1: Message Number | B1: Subcarrier Spacing | C1: Symbol time | D1: Subcarriers (FFT) | E1: CP length | F1: Average Recieved Power (mW) | G1: Threshold | H1: SNR | I1: Average Signal Power 2 | J1: Average Noise Power
A2: 1 | B2: 244.141 | C2: 0.004096 | D2: 1024 | E2: 64 | F2: 193.271 | G2: 1 | H2: -2.84519 | I2: -9.56988 | J2: -6.72469
A3: =A2+1 -> 2 | B3: 1953.12 | C3: 0.000512 | D3: 128 | E3: 64 | F3: 355.436 | G3: 1 | H3: -2.59041 | I3: -7.03628 | J3: -4.44587
A4: =A3+1 -> 3 | B4: 244.141 | C4: 0.004096 | D4: 1024 | E4: 64 | F4: 328.157 | G4: 1 | H4: -2.39112 | I4: -6.3084 | J4: -3.91727
A5: =A4+1 -> 4 | B5: 488.281 | C5: 0.002048 | D5: 512 | E5: 64 | F5: 290.501 | G5: 1 | H5: -1.9784 | I5: -5.30904 | J5: -3.33065
A6: =A5+1 -> 5 | B6: 488.281 | C6: 0.002048 | D6: 512 | E6: 64 | F6: 262.198 | G6: 1 | H6: -1.59191 | I6: -4.63331 | J6: -3.04139
A7: =A6+1 -> 6 | B7: 488.281 | C7: 0.002048 | D7: 512 | E7: 64 | F7: 259.204 | G7: 1 | H7: -1.25642 | I7: -4.11699 | J7: -2.86057
A8: =A7+1 -> 7 | B8: 976.562 | C8: 0.001024 | D8: 256 | E8: 32 | F8: 280.255 | G8: 1 | H8: -1.11186 | I8: -3.89084 | J8: -2.77898
A9: =A8+1 -> 8 | B9: 488.281 | C9: 0.002048 | D9: 512 | E9: 64 | F9: 298.45 | G9: 1 | H9: -0.871139 | I9: -3.48104 | J9: -2.6099
A10: =A9+1 -> 9 | B10: 488.281 | C10: 0.002048 | D10: 512 | E10: 64 | F10: 331.468 | G10: 1 | H10: -0.691345 | I10: -3.11213 | J10: -2.42079
A11: =A10+1 -> 10 | B11: 976.562 | C11: 0.001024 | D11: 256 | E11: 16 | F11: 381.659 | G11: 1 | H11: -0.616696 | I11: -2.95181 | J11: -2.33511
A12: =A11+1 -> 11 | B12: 488.281 | C12: 0.002048 | D12: 512 | E12: 64 | F12: 362.559 | G12: 1 | H12: -0.437148 | I12: -2.66402 | J12: -2.22688
A13: =A12+1 -> 12 | B13: 488.281 | C13: 0.002048 | D13: 512 | E13: 64 | F13: 348.407 | G13: 1 | H13: -0.238887 | I13: -2.45024 | J13: -2.21135
A14: =A13+1 -> 13 | B14: 488.281 | C14: 0.002048 | D14: 512 | E14: 64 | F14: 301.649 | G14: 1 | H14: -0.0197801 | I14: -2.28016 | J14: -2.26038
... A142: =A141+1 -> 141 | B142: 244.141 | C142: 0.004096 | D142: 1024 | E142: 64 | F142: 330.83 | G142: 1 | H142: 7.05766 | I142: 0.0223599 | J142: -7.0353

Sheet 1.5m - Tone J3
A1: Message Number | B1: Subcarrier Spacing | C1: Symbol time | D1: Subcarriers (FFT) | E1: CP length | F1: Average Recieved Power (mW) | G1: Threshold | H1: SNR | I1: Average Signal Power 2 | J1: Average Noise Power
A2: 1 | B2: 488.281 | C2: 0.002048 | D2: 512 | E2: 64 | F2: 332.77 | G2: 1 | H2: -2.60069 | I2: -8.49284 | J2: -5.89214
A3: =A2+1 -> 2 | B3: 976.562 | C3: 0.001024 | D3: 256 | E3: 64 | F3: 329.187 | G3: 1 | H3: -2.44254 | I3: -7.48198 | J3: -5.03944
A4: =A3+1 -> 3 | B4: 488.281 | C4: 0.002048 | D4: 512 | E4: 64 | F4: 284.047 | G4: 1 | H4: -2.07744 | I4: -6.12719 | J4: -4.04975
A5: =A4+1 -> 4 | B5: 488.281 | C5: 0.002048 | D5: 512 | E5: 64 | F5: 269.036 | G5: 1 | H5: -1.71507 | I5: -5.25958 | J5: -3.54451
A6: =A5+1 -> 5 | B6: 488.281 | C6: 0.002048 | D6: 512 | E6: 64 | F6: 262.292 | G6: 1 | H6: -1.39023 | I6: -4.64285 | J6: -3.25261
A7: =A6+1 -> 6 | B7: 488.281 | C7: 0.002048 | D7: 512 | E7: 64 | F7: 270.928 | G7: 1 | H7: -1.24214 | I7: -4.38387 | J7: -3.14173
A8: =A7+1 -> 7 | B8: 15625 | C8: 6.4e-05 | D8: 16 | E8: 32 | F8: 280.364 | G8: 1 | H8: -0.991059 | I8: -3.92327 | J8: -2.93221
A9: =A8+1 -> 8 | B9: 488.281 | C9: 0.002048 | D9: 512 | E9: 64 | F9: 312.483 | G9: 1 | H9: -0.793112 | I9: -3.52324 | J9: -2.73013
A10: =A9+1 -> 9 | B10: 488.281 | C10: 0.002048 | D10: 512 | E10: 64 | F10: 328.444 | G10: 1 | H10: -0.706963 | I10: -3.34186 | J10: -2.6349
A11: =A10+1 -> 10 | B11: 488.281 | C11: 0.002048 | D11: 512 | E11: 64 | F11: 334.297 | G11: 1 | H11: -0.538746 | I11: -3.03832 | J11: -2.49957
A12: =A11+1 -> 11 | B12: 488.281 | C12: 0.002048 | D12: 512 | E12: 64 | F12: 333.188 | G12: 1 | H12: -0.345682 | I12: -2.78711 | J12: -2.44142
A13: =A12+1 -> 12 | B13: 488.281 | C13: 0.002048 | D13: 512 | E13: 64 | F13: 302.937 | G13: 1 | H13: -0.133414 | I13: -2.58949 | J13: -2.45607
A14: =A13+1 -> 13 | B14: 488.281 | C14: 0.002048 | D14: 512 | E14: 64 | F14: 268.729 | G14: 1 | H14: -0.0254497 | I14: -2.50628 | J14: -2.48083
... A142: =A141+1 -> 141 | B142: 15625 | C142: 6.4e-05 | D142: 16 | E142: 32 | F142: 279.993 | G142: 1 | H142: 6.94669 | I142: -0.142238 | J142: -7.08892

Sheet 1.5m - Tone J4
A1: Message Number | B1: Subcarrier Spacing | C1: Symbol time | D1: Subcarriers (FFT) | E1: CP length | F1: Average Recieved Power (mW) | G1: Threshold | H1: SNR | I1: Average Signal Power 2 | J1: Average Noise Power
A2: 1 | B2: 15625 | C2: 6.4e-05 | D2: 16 | E2: 32 | F2: 280.551 | G2: 1 | H2: 11.6043 | I2: 0.147488 | J2: -11.4568
A3: =A2+1 -> 2 | B3: 488.281 | C3: 0.002048 | D3: 512 | E3: 64 | F3: 290.205 | G3: 1 | H3: 12.6992 | I3: 0.133349 | J3: -12.5658
A4: =A3+1 -> 3 | B4: 488.281 | C4: 0.002048 | D4: 512 | E4: 64 | F4: 269.356 | G4: 1 | H4: 13.0818 | I4: 0.113425 | J4: -12.9684
A5: =A4+1 -> 4 | B5: 976.562 | C5: 0.001024 | D5: 256 | E5: 32 | F5: 253.619 | G5: 1 | H5: 13.1636 | I5: 0.0500265 | J5: -13.1136
A6: =A5+1 -> 5 | B6: 488.281 | C6: 0.002048 | D6: 512 | E6: 64 | F6: 239.268 | G6: 1 | H6: 12.9753 | I6: 0.00710256 | J6: -12.9682
A7: =A6+1 -> 6 | B7: 488.281 | C7: 0.002048 | D7: 512 | E7: 64 | F7: 255.426 | G7: 1 | H7: 13.2988 | I7: 0.0192448 | J7: -13.2795
A8: =A7+1 -> 7 | B8: 488.281 | C8: 0.002048 | D8: 512 | E8: 64 | F8: 291.259 | G8: 1 | H8: 13.4859 | I8: 0.0473387 | J8: -13.4385
A9: =A8+1 -> 8 | B9: 488.281 | C9: 0.002048 | D9: 512 | E9: 64 | F9: 289.156 | G9: 1 | H9: 13.2153 | I9: 0.0688589 | J9: -13.1464
A10: =A9+1 -> 9 | B10: 488.281 | C10: 0.002048 | D10: 512 | E10: 64 | F10: 318.913 | G10: 1 | H10: 13.188 | I10: 0.0946059 | J10: -13.0934
A11: =A10+1 -> 10 | B11: 488.281 | C11: 0.002048 | D11: 512 | E11: 64 | F11: 303.479 | G11: 1 | H11: 13.2659 | I11: 0.103056 | J11: -13.1628
A12: =A11+1 -> 11 | B12: 488.281 | C12: 0.002048 | D12: 512 | E12: 64 | F12: 286.238 | G12: 1 | H12: 13.2426 | I12: 0.114331 | J12: -13.1283
A13: =A12+1 -> 12 | B13: 488.281 | C13: 0.002048 | D13: 512 | E13: 64 | F13: 315.334 | G13: 1 | H13: 12.7671 | I13: 0.124758 | J13: -12.6423
A14: =A13+1 -> 13 | B14: 15625 | C14: 6.4e-05 | D14: 16 | E14: 64 | F14: 302.657 | G14: 1 | H14: 12.8601 | I14: 0.129057 | J14: -12.7311
... A151: =A150+1 -> 150 | B151: 488.281 | C151: 0.002048 | D151: 512 | E151: 64 | F151: 315.613 | G151: 1 | H151: 8.28423 | I151: -0.338124 | J151: -8.62235

Sheet 1.5m - Tone J5
A1: Message Number | B1: Subcarrier Spacing | C1: Symbol time | D1: Subcarriers (FFT) | E1: CP length | F1: Average Recieved Power (mW) | G1: Threshold | H1: SNR | I1: Average Signal Power 2 | J1: Average Noise Power
A2: 1 | B2: 488.281 | C2: 0.002048 | D2: 512 | E2: 64 | F2: 335.051 | G2: 1 | H2: -2.72507 | I2: -8.62026 | J2: -5.89519
A3: =A2+1 -> 2 | B3: 15625 | C3: 6.4e-05 | D3: 16 | E3: 32 | F3: 318.272 | G3: 1 | H3: -2.5559 | I3: -7.53551 | J3: -4.97961
A4: =A3+1 -> 3 | B4: 15625 | C4: 6.4e-05 | D4: 16 | E4: 64 | F4: 301.001 | G4: 1 | H4: -2.18367 | I4: -6.14289 | J4: -3.95922
A5: =A4+1 -> 4 | B5: 488.281 | C5: 0.002048 | D5: 512 | E5: 64 | F5: 278.572 | G5: 1 | H5: -1.81349 | I5: -5.26086 | J5: -3.44737
A6: =A5+1 -> 5 | B6: 976.562 | C6: 0.001024 | D6: 256 | E6: 64 | F6: 239.261 | G6: 1 | H6: -1.47053 | I6: -4.65991 | J6: -3.18938
A7: =A6+1 -> 6 | B7: 15625 | C7: 6.4e-05 | D7: 16 | E7: 64 | F7: 274.12 | G7: 1 | H7: -1.32416 | I7: -4.39181 | J7: -3.06765
A8: =A7+1 -> 7 | B8: 488.281 | C8: 0.002048 | D8: 512 | E8: 64 | F8: 281.664 | G8: 1 | H8: -1.07064 | I8: -3.92233 | J8: -2.85169
A9: =A8+1 -> 8 | B9: 244.141 | C9: 0.004096 | D9: 1024 | E9: 64 | F9: 326.125 | G9: 1 | H9: -0.870269 | I9: -3.52267 | J9: -2.6524
A10: =A9+1 -> 9 | B10: 488.281 | C10: 0.002048 | D10: 512 | E10: 64 | F10: 349.096 | G10: 1 | H10: -0.791247 | I10: -3.34009 | J10: -2.54884
A11: =A10+1 -> 10 | B11: 976.562 | C11: 0.001024 | D11: 256 | E11: 64 | F11: 342.485 | G11: 1 | H11: -0.607422 | I11: -3.0361 | J11: -2.42867
A12: =A11+1 -> 11 | B12: 488.281 | C12: 0.002048 | D12: 512 | E12: 64 | F12: 315.837 | G12: 1 | H12: -0.423296 | I12: -2.80113 | J12: -2.37783
A13: =A12+1 -> 12 | B13: 1953.12 | C13: 0.000512 | D13: 128 | E13: 32 | F13: 288.368 | G13: 1 | H13: -0.223989 | I13: -2.62734 | J13: -2.40335
A14: =A13+1 -> 13 | B14: 244.141 | C14: 0.004096 | D14: 1024 | E14: 64 | F14: 272.378 | G14: 1 | H14: -0.118463 | I14: -2.54875 | J14: -2.43029
... A140: =A139+1 -> 139 | B140: 488.281 | C140: 0.002048 | D140: 512 | E140: 64 | F140: 350.869 | G140: 1 | H140: 6.66547 | I140: -0.139712 | J140: -6.80518

Sheet 1.5m - Tone J6
A1: Message Number | B1: Subcarrier Spacing | C1: Symbol time | D1: Subcarriers (FFT) | E1: CP length | F1: Average Recieved Power (mW) | G1: Threshold | H1: SNR | I1: Average Signal Power 2 | J1: Average Noise Power
A2: 1 | B2: 488.281 | C2: 0.002048 | D2: 512 | E2: 64 | F2: 327.378 | G2: 1 | H2: -2.51841 | I2: -7.84016 | J2: -5.32175
A3: =A2+1 -> 2 | B3: 488.281 | C3: 0.002048 | D3: 512 | E3: 64 | F3: 320.832 | G3: 1 | H3: -2.3365 | I3: -6.96575 | J3: -4.62925
A4: =A3+1 -> 3 | B4: 488.281 | C4: 0.002048 | D4: 512 | E4: 64 | F4: 274.318 | G4: 1 | H4: -1.94479 | I4: -5.80023 | J4: -3.85545
A5: =A4+1 -> 4 | B5: 488.281 | C5: 0.002048 | D5: 512 | E5: 64 | F5: 257.488 | G5: 1 | H5: -1.5784 | I5: -5.02202 | J5: -3.44363
A6: =A5+1 -> 5 | B6: 488.281 | C6: 0.002048 | D6: 512 | E6: 64 | F6: 264.666 | G6: 1 | H6: -1.25522 | I6: -4.44008 | J6: -3.18486
A7: =A6+1 -> 6 | B7: 488.281 | C7: 0.002048 | D7: 512 | E7: 64 | F7: 272.058 | G7: 1 | H7: -1.11425 | I7: -4.1933 | J7: -3.07905
A8: =A7+1 -> 7 | B8: 488.281 | C8: 0.002048 | D8: 512 | E8: 32 | F8: 285.042 | G8: 1 | H8: -0.871765 | I8: -3.75647 | J8: -2.88471
A9: =A8+1 -> 8 | B9: 488.281 | C9: 0.002048 | D9: 512 | E9: 64 | F9: 315.641 | G9: 1 | H9: -0.686278 | I9: -3.37066 | J9: -2.68439
A10: =A9+1 -> 9 | B10: 488.281 | C10: 0.002048 | D10: 512 | E10: 64 | F10: 332.322 | G10: 1 | H10: -0.605999 | I10: -3.20812 | J10: -2.60212
A11: =A10+1 -> 10 | B11: 488.281 | C11: 0.002048 | D11: 512 | E11: 64 | F11: 339.175 | G11: 1 | H11: -0.426717 | I11: -2.90333 | J11: -2.47661
A12: =A11+1 -> 11 | B12: 15625 | C12: 6.4e-05 | D12: 16 | E12: 32 | F12: 314.983 | G12: 1 | H12: -0.218716 | I12: -2.6754 | J12: -2.45668
A13: =A12+1 -> 12 | B13: 488.281 | C13: 0.002048 | D13: 512 | E13: 64 | F13: 295.101 | G13: 1 | H13: -0.000882465 | I13: -2.49373 | J13: -2.49285
A14: =A13+1 -> 13 | B14: 488.281 | C14: 0.002048 | D14: 512 | E14: 64 | F14: 266.997 | G14: 1 | H14: 0.109999 | I14: -2.41903 | J14: -2.52903
... A140: =A139+1 -> 139 | B140: 244.141 | C140: 0.004096 | D140: 1024 | E140: 64 | F140: 343.44 | G140: 1 | H140: 7.04194 | I140: -0.124712 | J140: -7.16665

Sheet 1.5m - Tone J7
A1: Message Number | B1: Subcarrier Spacing | C1: Symbol time | D1: Subcarriers (FFT) | E1: CP length | F1: Average Recieved Power (mW) | G1: Threshold | H1: SNR | I1: Average Signal Power 2 | J1: Average Noise Power
A2: 1 | B2: 488.281 | C2: 0.002048 | D2: 512 | E2: 64 | F2: 351.085 | G2: 1 | H2: -2.83628 | I2: -8.38266 | J2: -5.54637
A3: =A2+1 -> 2 | B3: 1953.12 | C3: 0.000512 | D3: 128 | E3: 8 | F3: 345.425 | G3: 1 | H3: -2.65534 | I3: -7.38404 | J3: -4.7287
A4: =A3+1 -> 3 | B4: 488.281 | C4: 0.002048 | D4: 512 | E4: 64 | F4: 269.157 | G4: 1 | H4: -2.25373 | I4: -6.05091 | J4: -3.79718
A5: =A4+1 -> 4 | B5: 488.281 | C5: 0.002048 | D5: 512 | E5: 64 | F5: 268.781 | G5: 1 | H5: -1.85747 | I5: -5.21479 | J5: -3.35732
A6: =A5+1 -> 5 | B6: 488.281 | C6: 0.002048 | D6: 512 | E6: 64 | F6: 251.106 | G6: 1 | H6: -1.50046 | I6: -4.61748 | J6: -3.11701
A7: =A6+1 -> 6 | B7: 488.281 | C7: 0.002048 | D7: 512 | E7: 64 | F7: 253.841 | G7: 1 | H7: -1.34213 | I7: -4.36895 | J7: -3.02682
A8: =A7+1 -> 7 | B8: 488.281 | C8: 0.002048 | D8: 512 | E8: 64 | F8: 280.102 | G8: 1 | H8: -1.07363 | I8: -3.92568 | J8: -2.85206
A9: =A8+1 -> 8 | B9: 488.281 | C9: 0.002048 | D9: 512 | E9: 64 | F9: 297.572 | G9: 1 | H9: -0.864731 | I9: -3.53961 | J9: -2.67488
A10: =A9+1 -> 9 | B10: 488.281 | C10: 0.002048 | D10: 512 | E10: 64 | F10: 314.743 | G10: 1 | H10: -0.785233 | I10: -3.35922 | J10: -2.57399
A11: =A10+1 -> 10 | B11: 488.281 | C11: 0.002048 | D11: 512 | E11: 64 | F11: 347.64 | G11: 1 | H11: -0.629171 | I11: -3.03988 | J11: -2.4107
A12: =A11+1 -> 11 | B12: 488.281 | C12: 0.002048 | D12: 512 | E12: 64 | F12: 349.827 | G12: 1 | H12: -0.453139 | I12: -2.77973 | J12: -2.32659
A13: =A12+1 -> 12 | B13: 488.281 | C13: 0.002048 | D13: 512 | E13: 64 | F13: 306.798 | G13: 1 | H13: -0.248308 | I13: -2.5825 | J13: -2.33419
A14: =A13+1 -> 13 | B14: 488.281 | C14: 0.002048 | D14: 512 | E14: 64 | F14: 245.886 | G14: 1 | H14: -0.141655 | I14: -2.51199 | J14: -2.37033
... A140: =A139+1 -> 139 | B140: 244.141 | C140: 0.004096 | D140: 1024 | E140: 64 | F140: 351.899 | G140: 1 | H140: 6.23662 | I140: -0.205301 | J140: -6.44192

Sheet 1.5m - Tone J8
A1: Message Number | B1: Subcarrier Spacing | C1: Symbol time | D1: Subcarriers (FFT) | E1: CP length | F1: Average Recieved Power (mW) | G1: Threshold | H1: SNR | I1: Average Signal Power 2 | J1: Average Noise Power
A2: 1 | B2: 488.281 | C2: 0.002048 | D2: 512 | E2: 64 | F2: 179.51 | G2: 1 | H2: -2.81197 | I2: -9.79455 | J2: -6.98258
A3: =A2+1 -> 2 | B3: 976.562 | C3: 0.001024 | D3: 256 | E3: 64 | F3: 332.544 | G3: 1 | H3: -2.55076 | I3: -7.21986 | J3: -4.66911
A4: =A3+1 -> 3 | B4: 488.281 | C4: 0.002048 | D4: 512 | E4: 64 | F4: 318.086 | G4: 1 | H4: -2.35129 | I4: -6.48215 | J4: -4.13087
A5: =A4+1 -> 4 | B5: 488.281 | C5: 0.002048 | D5: 512 | E5: 64 | F5: 274.863 | G5: 1 | H5: -1.93874 | I5: -5.47411 | J5: -3.53537
A6: =A5+1 -> 5 | B6: 488.281 | C6: 0.002048 | D6: 512 | E6: 64 | F6: 251.364 | G6: 1 | H6: -1.55411 | I6: -4.78832 | J6: -3.23421
A7: =A6+1 -> 6 | B7: 244.141 | C7: 0.004096 | D7: 1024 | E7: 64 | F7: 245.933 | G7: 1 | H7: -1.21832 | I7: -4.26911 | J7: -3.05078
A8: =A7+1 -> 7 | B8: 488.281 | C8: 0.002048 | D8: 512 | E8: 64 | F8: 263.537 | G8: 1 | H8: -1.07242 | I8: -4.04666 | J8: -2.97424
A9: =A8+1 -> 8 | B9: 488.281 | C9: 0.002048 | D9: 512 | E9: 64 | F9: 262.518 | G9: 1 | H9: -0.833918 | I9: -3.63511 | J9: -2.8012
A10: =A9+1 -> 9 | B10: 976.562 | C10: 0.001024 | D10: 256 | E10: 32 | F10: 347.32 | G10: 1 | H10: -0.659076 | I10: -3.26453 | J10: -2.60546
A11: =A10+1 -> 10 | B11: 488.281 | C11: 0.002048 | D11: 512 | E11: 64 | F11: 355.041 | G11: 1 | H11: -0.587257 | I11: -3.1045 | J11: -2.51724
A12: =A11+1 -> 11 | B12: 488.281 | C12: 0.002048 | D12: 512 | E12: 64 | F12: 339.922 | G12: 1 | H12: -0.421522 | I12: -2.81965 | J12: -2.39812
A13: =A12+1 -> 12 | B13: 488.281 | C13: 0.002048 | D13: 512 | E13: 64 | F13: 310.958 | G13: 1 | H13: -0.228402 | I13: -2.59725 | J13: -2.36884
A14: =A13+1 -> 13 | B14: 488.281 | C14: 0.002048 | D14: 512 | E14: 64 | F14: 292.845 | G14: 1 | H14: -0.0143443 | I14: -2.42552 | J14: -2.41117
... A141: =A140+1 -> 140 | B141: 244.141 | C141: 0.004096 | D141: 1024 | E141: 64 | F141: 217.563 | G141: 1 | H141: 5.99486 | I141: -0.540465 | J141: -6.53533

Sheet 1.5m - Pulse J1
A1: Message Number | B1: Subcarrier Spacing | C1: Symbol time | D1: Subcarriers (FFT) | E1: CP length | F1: Average Recieved Power (mW) | G1: Threshold | H1: SNR | I1: Average Signal Power 2 | J1: Average Noise Power
A2: 1 | B2: 488.281 | C2: 0.002048 | D2: 512 | E2: 64 | F2: 2.26941 | G2: 1 | H2: 9.63815 | I2: -18.9579 | J2: -28.5961
A3: =A2+1 -> 2 | B3: 488.281 | C3: 0.002048 | D3: 512 | E3: 64 | F3: 4.23435 | G3: 1 | H3: 5.82463 | I3: -18.3027 | J3: -24.1273
A4: =A3+1 -> 3 | B4: 1953.12 | C4: 0.000512 | D4: 128 | E4: 32 | F4: 4.02785 | G4: 1 | H4: 5.09131 | I4: -18.0951 | J4: -23.1864
A5: =A4+1 -> 4 | B5: 488.281 | C5: 0.002048 | D5: 512 | E5: 64 | F5: 3.03816 | G5: 1 | H5: 4.34964 | I5: -17.7402 | J5: -22.0898
A6: =A5+1 -> 5 | B6: 1953.12 | C6: 0.000512 | D6: 128 | E6: 32 | F6: 3.06415 | G6: 1 | H6: 3.98441 | I6: -17.4315 | J6: -21.4159
A7: =A6+1 -> 6 | B7: 488.281 | C7: 0.002048 | D7: 512 | E7: 64 | F7: 2.99045 | G7: 1 | H7: 3.68875 | I7: -17.2209 | J7: -20.9097
A8: =A7+1 -> 7 | B8: 488.281 | C8: 0.002048 | D8: 512 | E8: 64 | F8: 3.23993 | G8: 1 | H8: 3.56576 | I8: -17.1061 | J8: -20.6719
A9: =A8+1 -> 8 | B9: 488.281 | C9: 0.002048 | D9: 512 | E9: 32 | F9: 3.35071 | G9: 1 | H9: 3.26528 | I9: -16.9265 | J9: -20.1918
A10: =A9+1 -> 9 | B10: 244.141 | C10: 0.004096 | D10: 1024 | E10: 64 | F10: 4.11428 | G10: 1 | H10: 2.96362 | I10: -16.7404 | J10: -19.704
A11: =A10+1 -> 10 | B11: 488.281 | C11: 0.002048 | D11: 512 | E11: 64 | F11: 4.23382 | G11: 1 | H11: 2.82123 | I11: -16.6556 | J11: -19.4769
A12: =A11+1 -> 11 | B12: 244.141 | C12: 0.004096 | D12: 1024 | E12: 64 | F12: 4.31396 | G12: 1 | H12: 2.60125 | I12: -16.4963 | J12: -19.0976
A13: =A12+1 -> 12 | B13: 976.562 | C13: 0.001024 | D13: 256 | E13: 16 | F13: 4.0681 | G13: 1 | H13: 2.48425 | I13: -16.3881 | J13: -18.8723
A14: =A13+1 -> 13 | B14: 488.281 | C14: 0.002048 | D14: 512 | E14: 64 | F14: 2.88062 | G14: 1 | H14: 2.38357 | I14: -16.2993 | J14: -18.6829
... A144: =A143+1 -> 143 | B144: 976.562 | C144: 0.001024 | D144: 256 | E144: 32 | F144: 1.67772 | G144: 1 | H144: 1.27512 | I144: -14.7392 | J144: -16.0144

Sheet 1.5m - Pulse J2
A1: Message Number | B1: Subcarrier Spacing | C1: Symbol time | D1: Subcarriers (FFT) | E1: CP length | F1: Average Recieved Power (mW) | G1: Threshold | H1: SNR | I1: Average Signal Power 2 | J1: Average Noise Power
A2: 1 | B2: 1953.12 | C2: 0.000512 | D2: 128 | E2: 32 | F2: 9.33122 | G2: 1 | H2: 3.26885 | I2: -17.5504 | J2: -20.8193
A3: =A2+1 -> 2 | B3: 488.281 | C3: 0.002048 | D3: 512 | E3: 64 | F3: 8.5574 | G3: 1 | H3: 2.74509 | I3: -17.0887 | J3: -19.8338
A4: =A3+1 -> 3 | B4: 488.281 | C4: 0.002048 | D4: 512 | E4: 64 | F4: 7.94423 | G4: 1 | H4: 2.19529 | I4: -16.3463 | J4: -18.5416
A5: =A4+1 -> 4 | B5: 488.281 | C5: 0.002048 | D5: 512 | E5: 64 | F5: 7.44359 | G5: 1 | H5: 1.9962 | I5: -15.8873 | J5: -17.8835
A6: =A5+1 -> 5 | B6: 244.141 | C6: 0.004096 | D6: 1024 | E6: 64 | F6: 7.33503 | G6: 1 | H6: 1.83624 | I6: -15.4155 | J6: -17.2518
A7: =A6+1 -> 6 | B7: 488.281 | C7: 0.002048 | D7: 512 | E7: 64 | F7: 7.5385 | G7: 1 | H7: 1.7715 | I7: -15.2444 | J7: -17.0159
A8: =A7+1 -> 7 | B8: 488.281 | C8: 0.002048 | D8: 512 | E8: 64 | F8: 8.4369 | G8: 1 | H8: 1.61612 | I8: -14.9482 | J8: -16.5644
A9: =A8+1 -> 8 | B9: 244.141 | C9: 0.004096 | D9: 1024 | E9: 64 | F9: 8.65736 | G9: 1 | H9: 1.48482 | I9: -14.7355 | J9: -16.2203
A10: =A9+1 -> 9 | B10: 488.281 | C10: 0.002048 | D10: 512 | E10: 64 | F10: 8.79754 | G10: 1 | H10: 1.41392 | I10: -14.5853 | J10: -15.9993
A11: =A10+1 -> 10 | B11: 488.281 | C11: 0.002048 | D11: 512 | E11: 64 | F11: 7.16518 | G11: 1 | H11: 1.27687 | I11: -14.3711 | J11: -15.648
A12: =A11+1 -> 11 | B12: 976.562 | C12: 0.001024 | D12: 256 | E12: 16 | F12: 11.4991 | G12: 1 | H12: 1.13567 | I12: -14.1396 | J12: -15.2753
A13: =A12+1 -> 12 | B13: 488.281 | C13: 0.002048 | D13: 512 | E13: 64 | F13: 9.9318 | G13: 1 | H13: 1.04411 | I13: -13.9551 | J13: -14.9992
A14: =A13+1 -> 13 | B14: 488.281 | C14: 0.002048 | D14: 512 | E14: 64 | F14: 10.0987 | G14: 1 | H14: 1.01631 | I14: -13.8748 | J14: -14.8911
... A140: =A139+1 -> 139 | B140: 488.281 | C140: 0.002048 | D140: 512 | E140: 64 | F140: 6.02847 | G140: 1 | H140: 0.767761 | I140: -12.2615 | J140: -13.0293

Sheet 1.5m - Pulse J3
A1: Message Number | B1: Subcarrier Spacing | C1: Symbol time | D1: Subcarriers (FFT) | E1: CP length | F1: Average Recieved Power (mW) | G1: Threshold | H1: SNR | I1: Average Signal Power 2 | J1: Average Noise Power
A2: 1 | B2: 488.281 | C2: 0.002048 | D2: 512 | E2: 64 | F2: 5.24745 | G2: 1 | H2: 4.62637 | I2: -18.519 | J2: -23.1454
A3: =A2+1 -> 2 | B3: 244.141 | C3: 0.004096 | D3: 1024 | E3: 64 | F3: 5.54253 | G3: 1 | H3: 3.98968 | I3: -18.1125 | J3: -22.1022
A4: =A3+1 -> 3 | B4: 244.141 | C4: 0.004096 | D4: 1024 | E4: 64 | F4: 4.85746 | G4: 1 | H4: 3.42841 | I4: -17.4918 | J4: -20.9203
A5: =A4+1 -> 4 | B5: 488.281 | C5: 0.002048 | D5: 512 | E5: 64 | F5: 4.17423 | G5: 1 | H5: 3.21571 | I5: -17.0339 | J5: -20.2497
A6: =A5+1 -> 5 | B6: 488.281 | C6: 0.002048 | D6: 512 | E6: 64 | F6: 3.76453 | G6: 1 | H6: 3.05481 | I6: -16.6983 | J6: -19.7531
A7: =A6+1 -> 6 | B7: 488.281 | C7: 0.002048 | D7: 512 | E7: 64 | F7: 4.01523 | G7: 1 | H7: 2.96257 | I7: -16.5491 | J7: -19.5117
A8: =A7+1 -> 7 | B8: 488.281 | C8: 0.002048 | D8: 512 | E8: 32 | F8: 4.69978 | G8: 1 | H8: 2.72768 | I8: -16.2725 | J8: -19.0002
A9: =A8+1 -> 8 | B9: 488.281 | C9: 0.002048 | D9: 512 | E9: 64 | F9: 5.4813 | G9: 1 | H9: 2.48722 | I9: -16.0425 | J9: -18.5297
A10: =A9+1 -> 9 | B10: 244.141 | C10: 0.004096 | D10: 1024 | E10: 64 | F10: 5.61514 | G10: 1 | H10: 2.39041 | I10: -15.9472 | J10: -18.3376
A11: =A10+1 -> 10 | B11: 976.562 | C11: 0.001024 | D11: 256 | E11: 64 | F11: 4.68065 | G11: 1 | H11: 2.24545 | I11: -15.7855 | J11: -18.031
A12: =A11+1 -> 11 | B12: 976.562 | C12: 0.001024 | D12: 256 | E12: 32 | F12: 5.08727 | G12: 1 | H12: 2.13924 | I12: -15.6596 | J12: -17.7989
A13: =A12+1 -> 12 | B13: 488.281 | C13: 0.002048 | D13: 512 | E13: 64 | F13: 3.9514 | G13: 1 | H13: 2.10539 | I13: -15.5572 | J13: -17.6626
A14: =A13+1 -> 13 | B14: 488.281 | C14: 0.002048 | D14: 512 | E14: 64 | F14: 3.87326 | G14: 1 | H14: 2.10943 | I14: -15.5114 | J14: -17.6209
... A141: =A140+1 -> 140 | B141: 244.141 | C141: 0.004096 | D141: 1024 | E141: 64 | F141: 5.41818 | G141: 1 | H141: 1.01035 | I141: -13.445 | J141: -14.4553

Sheet 1.5m - Pulse J4
A1: Message Number | B1: Subcarrier Spacing | C1: Symbol time | D1: Subcarriers (FFT) | E1: CP length | F1: Average Recieved Power (mW) | G1: Threshold | H1: SNR | I1: Average Signal Power 2 | J1: Average Noise Power
A2: 1 | B2: 488.281 | C2: 0.002048 | D2: 512 | E2: 64 | F2: 4.05426 | G2: 1 | H2: 5.61927 | I2: -19.1953 | J2: -24.8145
A3: =A2+1 -> 2 | B3: 244.141 | C3: 0.004096 | D3: 1024 | E3: 64 | F3: 4.34823 | G3: 1 | H3: 4.60151 | I3: -18.8161 | J3: -23.4176
A4: =A3+1 -> 3 | B4: 976.562 | C4: 0.001024 | D4: 256 | E4: 64 | F4: 3.34566 | G4: 1 | H4: 3.84555 | I4: -18.4336 | J4: -22.2791
A5: =A4+1 -> 4 | B5: 488.281 | C5: 0.002048 | D5: 512 | E5: 64 | F5: 2.83459 | G5: 1 | H5: 3.48232 | I5: -18.1013 | J5: -21.5836
A6: =A5+1 -> 5 | B6: 488.281 | C6: 0.002048 | D6: 512 | E6: 64 | F6: 2.71534 | G6: 1 | H6: 3.23744 | I6: -17.8325 | J6: -21.07
A7: =A6+1 -> 6 | B7: 488.281 | C7: 0.002048 | D7: 512 | E7: 64 | F7: 2.74977 | G7: 1 | H7: 3.14046 | I7: -17.6987 | J7: -20.8391
A8: =A7+1 -> 7 | B8: 976.562 | C8: 0.001024 | D8: 256 | E8: 16 | F8: 3.26579 | G8: 1 | H8: 2.85336 | I8: -17.4934 | J8: -20.3467
A9: =A8+1 -> 8 | B9: 488.281 | C9: 0.002048 | D9: 512 | E9: 64 | F9: 3.76498 | G9: 1 | H9: 2.53013 | I9: -17.3139 | J9: -19.844
A10: =A9+1 -> 9 | B10: 488.281 | C10: 0.002048 | D10: 512 | E10: 32 | F10: 4.29908 | G10: 1 | H10: 2.39262 | I10: -17.2344 | J10: -19.627
A11: =A10+1 -> 10 | B11: 976.562 | C11: 0.001024 | D11: 256 | E11: 64 | F11: 4.66945 | G11: 1 | H11: 2.1827 | I11: -17.0526 | J11: -19.2353
A12: =A11+1 -> 11 | B12: 488.281 | C12: 0.002048 | D12: 512 | E12: 64 | F12: 4.27626 | G12: 1 | H12: 2.03516 | I12: -16.9294 | J12: -18.9646
A13: =A12+1 -> 12 | B13: 488.281 | C13: 0.002048 | D13: 512 | E13: 64 | F13: 3.63925 | G13: 1 | H13: 1.95952 | I13: -16.8058 | J13: -18.7653
A14: =A13+1 -> 13 | B14: 976.562 | C14: 0.001024 | D14: 256 | E14: 64 | F14: 3.35503 | G14: 1 | H14: 1.93561 | I14: -16.7582 | J14: -18.6938
... A140: =A139+1 -> 139 | B140: 488.281 | C140: 0.002048 | D140: 512 | E140: 64 | F140: 3.43731 | G140: 1 | H140: 1.04244 | I140: -15.2507 | J140: -16.2931

Sheet 1.5m - Pulse J5
A1: Message Number | B1: Subcarrier Spacing | C1: Symbol time | D1: Subcarriers (FFT) | E1: CP length | F1: Average Recieved Power (mW) | G1: Threshold | H1: SNR | I1: Average Signal Power 2 | J1: Average Noise Power
A2: 1 | B2: 488.281 | C2: 0.002048 | D2: 512 | E2: 64 | F2: 6.7101 | G2: 1 | H2: 4.17492 | I2: -18.6504 | J2: -22.8253
A3: =A2+1 -> 2 | B3: 1953.12 | C3: 0.000512 | D3: 128 | E3: 16 | F3: 6.15129 | G3: 1 | H3: 3.37467 | I3: -18.0113 | J3: -21.386
A4: =A3+1 -> 3 | B4: 976.562 | C4: 0.001024 | D4: 256 | E4: 16 | F4: 6.05602 | G4: 1 | H4: 2.86651 | I4: -17.2429 | J4: -20.1094
A5: =A4+1 -> 4 | B5: 1953.12 | C5: 0.000512 | D5: 128 | E5: 64 | F5: 5.08648 | G5: 1 | H5: 2.68754 | I5: -16.7093 | J5: -19.3968
A6: =A5+1 -> 5 | B6: 488.281 | C6: 0.002048 | D6: 512 | E6: 64 | F6: 4.03082 | G6: 1 | H6: 2.60676 | I6: -16.3043 | J6: -18.9111
A7: =A6+1 -> 6 | B7: 244.141 | C7: 0.004096 | D7: 1024 | E7: 64 | F7: 5.26499 | G7: 1 | H7: 2.53118 | I7: -16.1235 | J7: -18.6547
A8: =A7+1 -> 7 | B8: 976.562 | C8: 0.001024 | D8: 256 | E8: 16 | F8: 5.51272 | G8: 1 | H8: 2.34678 | I8: -15.8012 | J8: -18.148
A9: =A8+1 -> 8 | B9: 488.281 | C9: 0.002048 | D9: 512 | E9: 64 | F9: 6.83859 | G9: 1 | H9: 2.14552 | I9: -15.5249 | J9: -17.6704
A10: =A9+1 -> 9 | B10: 488.281 | C10: 0.002048 | D10: 512 | E10: 64 | F10: 7.04766 | G10: 1 | H10: 2.0702 | I10: -15.3889 | J10: -17.4591
A11: =A10+1 -> 10 | B11: 976.562 | C11: 0.001024 | D11: 256 | E11: 32 | F11: 7.30766 | G11: 1 | H11: 1.94573 | I11: -15.1643 | J11: -17.1101
A12: =A11+1 -> 11 | B12: 976.562 | C12: 0.001024 | D12: 256 | E12: 64 | F12: 7.29831 | G12: 1 | H12: 1.87315 | I12: -14.9306 | J12: -16.8038
A13: =A12+1 -> 12 | B13: 976.562 | C13: 0.001024 | D13: 256 | E13: 64 | F13: 6.64976 | G13: 1 | H13: 1.84619 | I13: -14.7522 | J13: -16.5984
A14: =A13+1 -> 13 | B14: 976.562 | C14: 0.001024 | D14: 256 | E14: 64 | F14: 5.89298 | G14: 1 | H14: 1.85162 | I14: -14.6763 | J14: -16.5279
... A141: =A140+1 -> 140 | B141: 976.562 | C141: 0.001024 | D141: 256 | E141: 64 | F141: 12.9493 | G141: 1 | H141: 0.689277 | I141: -12.0875 | J141: -12.7768

Sheet 1.5m - Pulse J6
A1: Message Number | B1: Subcarrier Spacing | C1: Symbol time | D1: Subcarriers (FFT) | E1: CP length | F1: Average Recieved Power (mW) | G1: Threshold | H1: SNR | I1: Average Signal Power 2 | J1: Average Noise Power
A2: 1 | B2: 488.281 | C2: 0.002048 | D2: 512 | E2: 64 | F2: 8.30994 | G2: 1 | H2: 3.38386 | I2: -17.9329 | J2: -21.3168
A3: =A2+1 -> 2 | B3: 488.281 | C3: 0.002048 | D3: 512 | E3: 64 | F3: 8.55718 | G3: 1 | H3: 2.70844 | I3: -17.5167 | J3: -20.2251
A4: =A3+1 -> 3 | B4: 488.281 | C4: 0.002048 | D4: 512 | E4: 64 | F4: 7.70148 | G4: 1 | H4: 2.00443 | I4: -16.8962 | J4: -18.9006
A5: =A4+1 -> 4 | B5: 488.281 | C5: 0.002048 | D5: 512 | E5: 64 | F5: 7.12175 | G5: 1 | H5: 1.63779 | I5: -16.4303 | J5: -18.0681
A6: =A5+1 -> 5 | B6: 488.281 | C6: 0.002048 | D6: 512 | E6: 64 | F6: 7.47702 | G6: 1 | H6: 1.42338 | I6: -16.039 | J6: -17.4624
A7: =A6+1 -> 6 | B7: 488.281 | C7: 0.002048 | D7: 512 | E7: 64 | F7: 7.17 | G7: 1 | H7: 1.32032 | I7: -15.8754 | J7: -17.1957
A8: =A7+1 -> 7 | B8: 488.281 | C8: 0.002048 | D8: 512 | E8: 64 | F8: 8.00411 | G8: 1 | H8: 1.13265 | I8: -15.5907 | J8: -16.7233
A9: =A8+1 -> 8 | B9: 244.141 | C9: 0.004096 | D9: 1024 | E9: 64 | F9: 7.72327 | G9: 1 | H9: 0.978327 | I9: -15.3282 | J9: -16.3065
A10: =A9+1 -> 9 | B10: 488.281 | C10: 0.002048 | D10: 512 | E10: 64 | F10: 8.85929 | G10: 1 | H10: 0.908814 | I10: -15.2249 | J10: -16.1337
A11: =A10+1 -> 10 | B11: 488.281 | C11: 0.002048 | D11: 512 | E11: 64 | F11: 8.44428 | G11: 1 | H11: 0.858852 | I11: -15.0845 | J11: -15.9434
A12: =A11+1 -> 11 | B12: 976.562 | C12: 0.001024 | D12: 256 | E12: 64 | F12: 3.76606 | G12: 1 | H12: 0.862711 | I12: -15.0389 | J12: -15.9016
A13: =A12+1 -> 12 | B13: 488.281 | C13: 0.002048 | D13: 512 | E13: 32 | F13: 4.07711 | G13: 1 | H13: 0.893662 | I13: -15.0002 | J13: -15.8939
A14: =A13+1 -> 13 | B14: 488.281 | C14: 0.002048 | D14: 512 | E14: 64 | F14: 3.50547 | G14: 1 | H14: 0.919102 | I14: -14.9847 | J14: -15.9038
... A141: =A140+1 -> 140 | B141: 488.281 | C141: 0.002048 | D141: 512 | E141: 64 | F141: 3.91136 | G141: 1 | H141: 0.960817 | I141: -13.7098 | J141: -14.6706

Sheet 1.5m - Pulse J7
A1: Message Number | B1: Subcarrier Spacing | C1: Symbol time | D1: Subcarriers (FFT) | E1: CP length | F1: Average Recieved Power (mW) | G1: Threshold | H1: SNR | I1: Average Signal Power 2 | J1: Average Noise Power
A2: 1 | B2: 488.281 | C2: 0.002048 | D2: 512 | E2: 64 | F2: 8.30994 | G2: 1 | H2: 3.38386 | I2: -17.9329 | J2: -21.3168
A3: =A2+1 -> 2 | B3: 488.281 | C3: 0.002048 | D3: 512 | E3: 64 | F3: 8.55718 | G3: 1 | H3: 2.70844 | I3: -17.5167 | J3: -20.2251
A4: =A3+1 -> 3 | B4: 488.281 | C4: 0.002048 | D4: 512 | E4: 64 | F4: 7.70148 | G4: 1 | H4: 2.00443 | I4: -16.8962 | J4: -18.9006
A5: =A4+1 -> 4 | B5: 488.281 | C5: 0.002048 | D5: 512 | E5: 64 | F5: 7.12175 | G5: 1 | H5: 1.63779 | I5: -16.4303 | J5: -18.0681
A6: =A5+1 -> 5 | B6: 488.281 | C6: 0.002048 | D6: 512 | E6: 64 | F6: 7.47702 | G6: 1 | H6: 1.42338 | I6: -16.039 | J6: -17.4624
A7: =A6+1 -> 6 | B7: 488.281 | C7: 0.002048 | D7: 512 | E7: 64 | F7: 7.17 | G7: 1 | H7: 1.32032 | I7: -15.8754 | J7: -17.1957
A8: =A7+1 -> 7 | B8: 488.281 | C8: 0.002048 | D8: 512 | E8: 64 | F8: 8.00411 | G8: 1 | H8: 1.13265 | I8: -15.5907 | J8: -16.7233
A9: =A8+1 -> 8 | B9: 244.141 | C9: 0.004096 | D9: 1024 | E9: 64 | F9: 7.72327 | G9: 1 | H9: 0.978327 | I9: -15.3282 | J9: -16.3065
A10: =A9+1 -> 9 | B10: 488.281 | C10: 0.002048 | D10: 512 | E10: 64 | F10: 8.85929 | G10: 1 | H10: 0.908814 | I10: -15.2249 | J10: -16.1337
A11: =A10+1 -> 10 | B11: 488.281 | C11: 0.002048 | D11: 512 | E11: 64 | F11: 8.44428 | G11: 1 | H11: 0.858852 | I11: -15.0845 | J11: -15.9434
A12: =A11+1 -> 11 | B12: 976.562 | C12: 0.001024 | D12: 256 | E12: 64 | F12: 3.76606 | G12: 1 | H12: 0.862711 | I12: -15.0389 | J12: -15.9016
A13: =A12+1 -> 12 | B13: 488.281 | C13: 0.002048 | D13: 512 | E13: 32 | F13: 4.07711 | G13: 1 | H13: 0.893662 | I13: -15.0002 | J13: -15.8939
A14: =A13+1 -> 13 | B14: 488.281 | C14: 0.002048 | D14: 512 | E14: 64 | F14: 3.50547 | G14: 1 | H14: 0.919102 | I14: -14.9847 | J14: -15.9038
... A141: =A140+1 -> 140 | B141: 488.281 | C141: 0.002048 | D141: 512 | E141: 64 | F141: 3.91136 | G141: 1 | H141: 0.960817 | I141: -13.7098 | J141: -14.6706

Sheet 1.5m - Pulse J8
A1: Message Number | B1: Subcarrier Spacing | C1: Symbol time | D1: Subcarriers (FFT) | E1: CP length | F1: Average Recieved Power (mW) | G1: Threshold | H1: SNR | I1: Average Signal Power 2 | J1: Average Noise Power
A2: 1 | B2: 488.281 | C2: 0.002048 | D2: 512 | E2: 64 | F2: 3.23984 | G2: 1 | H2: 6.73973 | I2: -19.0881 | J2: -25.8278
A3: =A2+1 -> 2 | B3: 1953.12 | C3: 0.000512 | D3: 128 | E3: 32 | F3: 2.88876 | G3: 1 | H3: 5.63224 | I3: -18.7002 | J3: -24.3325
A4: =A3+1 -> 3 | B4: 488.281 | C4: 0.002048 | D4: 512 | E4: 64 | F4: 3.10852 | G4: 1 | H4: 4.69969 | I4: -18.2945 | J4: -22.9942
A5: =A4+1 -> 4 | B5: 488.281 | C5: 0.002048 | D5: 512 | E5: 64 | F5: 3.78564 | G5: 1 | H5: 3.92016 | I5: -17.8168 | J5: -21.737
A6: =A5+1 -> 5 | B6: 1953.12 | C6: 0.000512 | D6: 128 | E6: 64 | F6: 3.83494 | G6: 1 | H6: 3.64517 | I6: -17.5898 | J6: -21.2349
A7: =A6+1 -> 6 | B7: 1953.12 | C7: 0.000512 | D7: 128 | E7: 64 | F7: 4.28312 | G7: 1 | H7: 3.23127 | I7: -17.2842 | J7: -20.5155
A8: =A7+1 -> 7 | B8: 488.281 | C8: 0.002048 | D8: 512 | E8: 64 | F8: 4.23409 | G8: 1 | H8: 2.90604 | I8: -17.0631 | J8: -19.9691
A9: =A8+1 -> 8 | B9: 244.141 | C9: 0.004096 | D9: 1024 | E9: 64 | F9: 4.22507 | G9: 1 | H9: 2.55845 | I9: -16.8061 | J9: -19.3646
A10: =A9+1 -> 9 | B10: 244.141 | C10: 0.004096 | D10: 1024 | E10: 64 | F10: 4.13811 | G10: 1 | H10: 2.47054 | I10: -16.7082 | J10: -19.1787
A11: =A10+1 -> 10 | B11: 488.281 | C11: 0.002048 | D11: 512 | E11: 64 | F11: 3.58493 | G11: 1 | H11: 2.32984 | I11: -16.5798 | J11: -18.9096
A12: =A11+1 -> 11 | B12: 244.141 | C12: 0.004096 | D12: 1024 | E12: 64 | F12: 3.12776 | G12: 1 | H12: 2.23945 | I12: -16.4883 | J12: -18.7277
A13: =A12+1 -> 12 | B13: 488.281 | C13: 0.002048 | D13: 512 | E13: 64 | F13: 3.1337 | G13: 1 | H13: 2.18514 | I13: -16.4386 | J13: -18.6237
A14: =A13+1 -> 13 | B14: 244.141 | C14: 0.004096 | D14: 1024 | E14: 64 | F14: 2.99916 | G14: 1 | H14: 2.14837 | I14: -16.3932 | J14: -18.5416
... A142: =A141+1 -> 141 | B142: 488.281 | C142: 0.002048 | D142: 512 | E142: 64 | F142: 3.85795 | G142: 1 | H142: 1.35562 | I142: -15.2543 | J142: -16.6099

Sheet 1.5m - Protocol Aware J1
A1: Message Number | B1: Subcarrier Spacing | C1: Symbol time | D1: Subcarriers (FFT) | E1: CP length | F1: Average Recieved Power (mW) | G1: Threshold | H1: SNR | I1: Average Signal Power 2 | J1: Average Noise Power
A2: 1 | B2: 488.281 | C2: 0.002048 | D2: 512 | E2: 64 | F2: 303.421 | G2: 1 | H2: -2.4751 | I2: -8.69049 | J2: -6.2154
A3: =A2+1 -> 2 | B3: 1953.12 | C3: 0.000512 | D3: 128 | E3: 32 | F3: 297.361 | G3: 1 | H3: -2.31695 | I3: -7.64472 | J3: -5.32777
A4: =A3+1 -> 3 | B4: 976.562 | C4: 0.001024 | D4: 256 | E4: 64 | F4: 264.534 | G4: 1 | H4: -1.94333 | I4: -6.30393 | J4: -4.3606
A5: =A4+1 -> 4 | B5: 488.281 | C5: 0.002048 | D5: 512 | E5: 64 | F5: 248.119 | G5: 1 | H5: -1.57451 | I5: -5.44432 | J5: -3.86981
A6: =A5+1 -> 5 | B6: 244.141 | C6: 0.004096 | D6: 1024 | E6: 64 | F6: 242.362 | G6: 1 | H6: -1.24598 | I6: -4.81755 | J6: -3.57157
A7: =A6+1 -> 6 | B7: 244.141 | C7: 0.004096 | D7: 1024 | E7: 64 | F7: 248.843 | G7: 1 | H7: -1.1002 | I7: -4.56213 | J7: -3.46193
A8: =A7+1 -> 7 | B8: 7812.5 | C8: 0.000128 | D8: 32 | E8: 32 | F8: 244.219 | G8: 1 | H8: -0.85319 | I8: -4.10025 | J8: -3.24706
A9: =A8+1 -> 8 | B9: 244.141 | C9: 0.004096 | D9: 1024 | E9: 64 | F9: 282.292 | G9: 1 | H9: -0.678985 | I9: -3.77049 | J9: -3.0915
A10: =A9+1 -> 9 | B10: 244.141 | C10: 0.004096 | D10: 1024 | E10: 64 | F10: 281.724 | G10: 1 | H10: -0.552724 | I10: -3.5448 | J10: -2.99208
A11: =A10+1 -> 10 | B11: 488.281 | C11: 0.002048 | D11: 512 | E11: 64 | F11: 281.112 | G11: 1 | H11: -0.402348 | I11: -3.25205 | J11: -2.84971
A12: =A11+1 -> 11 | B12: 244.141 | C12: 0.004096 | D12: 1024 | E12: 64 | F12: 282.396 | G12: 1 | H12: -0.253597 | I12: -3.02334 | J12: -2.76975
A13: =A12+1 -> 12 | B13: 1953.12 | C13: 0.000512 | D13: 128 | E13: 64 | F13: 262.63 | G13: 1 | H13: -0.0724666 | I13: -2.84993 | J13: -2.77746
A14: =A13+1 -> 13 | B14: 244.141 | C14: 0.004096 | D14: 1024 | E14: 64 | F14: 227.483 | G14: 1 | H14: 0.0225124 | I14: -2.78 | J14: -2.80251
... A140: =A139+1 -> 139 | B140: 488.281 | C140: 0.002048 | D140: 512 | E140: 64 | F140: 316.338 | G140: 1 | H140: 3.73333 | I140: -0.902838 | J140: -4.63617

Sheet 1.5m - Protocol Aware J2
A1: Message Number | B1: Subcarrier Spacing | C1: Symbol time | D1: Subcarriers (FFT) | E1: CP length | F1: Average Recieved Power (mW) | G1: Threshold | H1: SNR | I1: Average Signal Power 2 | J1: Average Noise Power
A2: 1 | B2: 488.281 | C2: 0.002048 | D2: 512 | E2: 64 | F2: 317.671 | G2: 1 | H2: -2.66493 | I2: -8.66663 | J2: -6.0017
A3: =A2+1 -> 2 | B3: 488.281 | C3: 0.002048 | D3: 512 | E3: 64 | F3: 305.506 | G3: 1 | H3: -2.49071 | I3: -7.65602 | J3: -5.16532
A4: =A3+1 -> 3 | B4: 244.141 | C4: 0.004096 | D4: 1024 | E4: 64 | F4: 264.257 | G4: 1 | H4: -2.08905 | I4: -6.36057 | J4: -4.27152
A5: =A4+1 -> 4 | B5: 488.281 | C5: 0.002048 | D5: 512 | E5: 64 | F5: 231.801 | G5: 1 | H5: -1.70273 | I5: -5.52943 | J5: -3.8267
A6: =A5+1 -> 5 | B6: 488.281 | C6: 0.002048 | D6: 512 | E6: 64 | F6: 231.444 | G6: 1 | H6: -1.36544 | I6: -4.91746 | J6: -3.55202
A7: =A6+1 -> 6 | B7: 976.562 | C7: 0.001024 | D7: 256 | E7: 64 | F7: 201.36 | G7: 1 | H7: -1.22915 | I7: -4.67562 | J7: -3.44647
A8: =A7+1 -> 7 | B8: 488.281 | C8: 0.002048 | D8: 512 | E8: 64 | F8: 274.877 | G8: 1 | H8: -0.996023 | I8: -4.21036 | J8: -3.21434
A9: =A8+1 -> 8 | B9: 244.141 | C9: 0.004096 | D9: 1024 | E9: 64 | F9: 323.461 | G9: 1 | H9: -0.837527 | I9: -3.78668 | J9: -2.94915
A10: =A9+1 -> 9 | B10: 976.562 | C10: 0.001024 | D10: 256 | E10: 64 | F10: 323.102 | G10: 1 | H10: -0.773773 | I10: -3.59509 | J10: -2.82132
A11: =A10+1 -> 10 | B11: 244.141 | C11: 0.004096 | D11: 1024 | E11: 64 | F11: 344.417 | G11: 1 | H11: -0.641019 | I11: -3.26947 | J11: -2.62845
A12: =A11+1 -> 11 | B12: 488.281 | C12: 0.002048 | D12: 512 | E12: 64 | F12: 313.483 | G12: 1 | H12: -0.468896 | I12: -2.99477 | J12: -2.52587
A13: =A12+1 -> 12 | B13: 244.141 | C13: 0.004096 | D13: 1024 | E13: 64 | F13: 296.034 | G13: 1 | H13: -0.262806 | I13: -2.78956 | J13: -2.52676
A14: =A13+1 -> 13 | B14: 488.281 | C14: 0.002048 | D14: 512 | E14: 64 | F14: 258.096 | G14: 1 | H14: -0.155266 | I14: -2.70552 | J14: -2.55026
... A144: =A143+1 -> 143 | B144: 244.141 | C144: 0.004096 | D144: 1024 | E144: 64 | F144: 186.562 | G144: 1 | H144: 3.25639 | I144: -0.9098 | J144: -4.16619

Sheet 1.5m - Protocol Aware J3
A1: Message Number | B1: Subcarrier Spacing | C1: Symbol time | D1: Subcarriers (FFT) | E1: CP length | F1: Average Recieved Power (mW) | G1: Threshold | H1: SNR | I1: Average Signal Power 2 | J1: Average Noise Power
A2: 1 | B2: 488.281 | C2: 0.002048 | D2: 512 | E2: 64 | F2: 280.6 | G2: 1 | H2: -2.78177 | I2: -9.3591 | J2: -6.57733
A3: =A2+1 -> 2 | B3: 244.141 | C3: 0.004096 | D3: 1024 | E3: 64 | F3: 257.942 | G3: 1 | H3: -2.62224 | I3: -8.3339 | J3: -5.71167
A4: =A3+1 -> 3 | B4: 976.562 | C4: 0.001024 | D4: 256 | E4: 64 | F4: 220.735 | G4: 1 | H4: -2.25141 | I4: -7.07407 | J4: -4.82267
A5: =A4+1 -> 4 | B5: 244.141 | C5: 0.004096 | D5: 1024 | E5: 64 | F5: 191.396 | G5: 1 | H5: -1.88676 | I5: -6.2522 | J5: -4.36544
A6: =A5+1 -> 5 | B6: 976.562 | C6: 0.001024 | D6: 256 | E6: 64 | F6: 184.06 | G6: 1 | H6: -1.58217 | I6: -5.65322 | J6: -4.07106
A7: =A6+1 -> 6 | B7: 488.281 | C7: 0.002048 | D7: 512 | E7: 64 | F7: 189.649 | G7: 1 | H7: -1.45802 | I7: -5.40184 | J7: -3.94382
A8: =A7+1 -> 7 | B8: 244.141 | C8: 0.004096 | D8: 1024 | E8: 64 | F8: 205.922 | G8: 1 | H8: -1.27644 | I8: -4.94118 | J8: -3.66474
A9: =A8+1 -> 8 | B9: 244.141 | C9: 0.004096 | D9: 1024 | E9: 64 | F9: 245.09 | G9: 1 | H9: -1.17619 | I9: -4.53097 | J9: -3.35478
A10: =A9+1 -> 9 | B10: 488.281 | C10: 0.002048 | D10: 512 | E10: 64 | F10: 265.755 | G10: 1 | H10: -1.14652 | I10: -4.35933 | J10: -3.21281
A11: =A10+1 -> 10 | B11: 488.281 | C11: 0.002048 | D11: 512 | E11: 64 | F11: 280.83 | G11: 1 | H11: -1.05737 | I11: -4.00745 | J11: -2.95008
A12: =A11+1 -> 11 | B12: 244.141 | C12: 0.004096 | D12: 1024 | E12: 64 | F12: 303.002 | G12: 1 | H12: -0.919393 | I12: -3.70177 | J12: -2.78238
A13: =A12+1 -> 12 | B13: 244.141 | C13: 0.004096 | D13: 1024 | E13: 64 | F13: 262.221 | G13: 1 | H13: -0.735402 | I13: -3.47174 | J13: -2.73634
A14: =A13+1 -> 13 | B14: 244.141 | C14: 0.004096 | D14: 1024 | E14: 64 | F14: 225.757 | G14: 1 | H14: -0.635573 | I14: -3.37735 | J14: -2.74177
... A140: =A139+1 -> 139 | B140: 976.562 | C140: 0.001024 | D140: 256 | E140: 64 | F140: 298.702 | G140: 1 | H140: 3.88882 | I140: -0.731811 | J140: -4.62063

Sheet 1.5m - Protocol Aware J4
A1: Message Number | B1: Subcarrier Spacing | C1: Symbol time | D1: Subcarriers (FFT) | E1: CP length | F1: Average Recieved Power (mW) | G1: Threshold | H1: SNR | I1: Average Signal Power 2 | J1: Average Noise Power
A2: 1 | B2: 488.281 | C2: 0.002048 | D2: 512 | E2: 64 | F2: 216.066 | G2: 1 | H2: -2.35869 | I2: -9.96649 | J2: -7.6078
A3: =A2+1 -> 2 | B3: 488.281 | C3: 0.002048 | D3: 512 | E3: 64 | F3: 206.061 | G3: 1 | H3: -2.24435 | I3: -8.93901 | J3: -6.69466
A4: =A3+1 -> 3 | B4: 244.141 | C4: 0.004096 | D4: 1024 | E4: 64 | F4: 182.329 | G4: 1 | H4: -1.95776 | I4: -7.61224 | J4: -5.65448
A5: =A4+1 -> 4 | B5: 1953.12 | C5: 0.000512 | D5: 128 | E5: 32 | F5: 173.439 | G5: 1 | H5: -1.67598 | I5: -6.74889 | J5: -5.07291
A6: =A5+1 -> 5 | B6: 488.281 | C6: 0.002048 | D6: 512 | E6: 64 | F6: 157.825 | G6: 1 | H6: -1.43827 | I6: -6.13431 | J6: -4.69603
A7: =A6+1 -> 6 | B7: 244.141 | C7: 0.004096 | D7: 1024 | E7: 64 | F7: 169.826 | G7: 1 | H7: -1.33746 | I7: -5.88466 | J7: -4.5472
A8: =A7+1 -> 7 | B8: 488.281 | C8: 0.002048 | D8: 512 | E8: 64 | F8: 161.979 | G8: 1 | H8: -1.1418 | I8: -5.4983 | J8: -4.35649
A9: =A8+1 -> 8 | B9: 488.281 | C9: 0.002048 | D9: 512 | E9: 64 | F9: 137.51 | G9: 1 | H9: -0.923008 | I9: -5.25056 | J9: -4.32756
A10: =A9+1 -> 9 | B10: 488.281 | C10: 0.002048 | D10: 512 | E10: 32 | F10: 110.739 | G10: 1 | H10: -0.812796 | I10: -5.17271 | J10: -4.35991
A11: =A10+1 -> 10 | B11: 488.281 | C11: 0.002048 | D11: 512 | E11: 64 | F11: 225.126 | G11: 1 | H11: -0.720187 | I11: -4.88165 | J11: -4.16146
A12: =A11+1 -> 11 | B12: 488.281 | C12: 0.002048 | D12: 512 | E12: 64 | F12: 262.678 | G12: 1 | H12: -0.67762 | I12: -4.53234 | J12: -3.85472
A13: =A12+1 -> 12 | B13: 244.141 | C13: 0.004096 | D13: 1024 | E13: 64 | F13: 214.219 | G13: 1 | H13: -0.560746 | I13: -4.26726 | J13: -3.70652
A14: =A13+1 -> 13 | B14: 488.281 | C14: 0.002048 | D14: 512 | E14: 64 | F14: 197.801 | G14: 1 | H14: -0.487655 | I14: -4.15857 | J14: -3.67092
... A143: =A142+1 -> 142 | B143: 244.141 | C143: 0.004096 | D143: 1024 | E143: 64 | F143: 191.447 | G143: 1 | H143: 3.61687 | I143: -1.03144 | J143: -4.64831

Sheet 1.5m - Protocol Aware J5
A1: Message Number | B1: Subcarrier Spacing | C1: Symbol time | D1: Subcarriers (FFT) | E1: CP length | F1: Average Recieved Power (mW) | G1: Threshold | H1: SNR | I1: Average Signal Power 2 | J1: Average Noise Power
A2: 1 | B2: 488.281 | C2: 0.002048 | D2: 512 | E2: 64 | F2: 282.141 | G2: 1 | H2: -2.77895 | I2: -9.31786 | J2: -6.53891
A3: =A2+1 -> 2 | B3: 488.281 | C3: 0.002048 | D3: 512 | E3: 64 | F3: 265.758 | G3: 1 | H3: -2.62282 | I3: -8.31298 | J3: -5.69015
A4: =A3+1 -> 3 | B4: 488.281 | C4: 0.002048 | D4: 512 | E4: 64 | F4: 217.173 | G4: 1 | H4: -2.29929 | I4: -7.18831 | J4: -4.88902
A5: =A4+1 -> 4 | B5: 3906.25 | C5: 0.000256 | D5: 64 | E5: 32 | F5: 186.295 | G5: 1 | H5: -1.87522 | I5: -6.24308 | J5: -4.36786
A6: =A5+1 -> 5 | B6: 488.281 | C6: 0.002048 | D6: 512 | E6: 64 | F6: 176.103 | G6: 1 | H6: -1.56833 | I6: -5.66078 | J6: -4.09245
A7: =A6+1 -> 6 | B7: 244.141 | C7: 0.004096 | D7: 1024 | E7: 64 | F7: 187.311 | G7: 1 | H7: -1.44618 | I7: -5.41071 | J7: -3.96453
A8: =A7+1 -> 7 | B8: 488.281 | C8: 0.002048 | D8: 512 | E8: 64 | F8: 207.044 | G8: 1 | H8: -1.27403 | I8: -4.95213 | J8: -3.6781
A9: =A8+1 -> 8 | B9: 976.562 | C9: 0.001024 | D9: 256 | E9: 64 | F9: 249.662 | G9: 1 | H9: -1.18341 | I9: -4.53921 | J9: -3.3558
